"corpus","component","quartile","nested_seeds","mean_q","U_mean_gain","R_mean_gain","R_minus_U_gain"
"91620101","group","1","2","0.5572296904865652","2.732153969234787","2.7293968633166514","-0.002757105918135494"
"91620101","group","2","2","0.7812501490116119","2.734368503690348","2.7318716827285243","-0.002496820961823687"
"91620101","group","3","2","1.1114014729391783","2.7303529589407844","2.7282838774408447","-0.0020690814999397844"
"91620101","group","4","2","1.5501185273751616","2.727581368162646","2.7260270608385326","-0.0015543073241133243"
"91620101","instance","1","2","0.5572296904865652","0.03828971739858389","0.010049539618194103","-0.028240177780389786"
"91620101","instance","2","2","0.7812501490116119","0.03954087384045124","0.025373240001499653","-0.014167633838951588"
"91620101","instance","3","2","1.1114014729391783","0.04262898489832878","0.04865487478673458","0.0060258898884058"
"91620101","instance","4","2","1.5501185273751616","0.0404162397608161","0.07008846197277308","0.029672222211956978"
"91620101","shared","1","2","0.5572296904865652","0.0262751692062011","0.024717078311368823","-0.0015580908948322758"
"91620101","shared","2","2","0.7812501490116119","0.026054117814055644","0.024649139879329596","-0.0014049779347260483"
"91620101","shared","3","2","1.1114014729391783","0.02637555210822029","0.025084802735364065","-0.0012907493728562258"
"91620101","shared","4","2","1.5501185273751616","0.026131071223062463","0.024967533827293664","-0.0011635373957687989"
"91620102","group","1","2","0.5405805138871074","2.732974722115614","2.729363444057526","-0.003611278058087919"
"91620102","group","2","2","0.7757055768743157","2.7367643687612144","2.7335777900589164","-0.003186578702297993"
"91620102","group","3","2","1.114507668884471","2.735360187041806","2.7325851944624446","-0.002774992579361424"
"91620102","group","4","2","1.5692063015885651","2.735512358500273","2.7336411683645565","-0.0018711901357164606"
"91620102","instance","1","2","0.5405805138871074","0.04678733740001917","0.013772048987448215","-0.03301528841257095"
"91620102","instance","2","2","0.7757055768743157","0.0470274044200778","0.02836399246007204","-0.01866341196000576"
"91620102","instance","3","2","1.114507668884471","0.04936989489942789","0.05270648654550314","0.0033365916460752487"
"91620102","instance","4","2","1.5692063015885651","0.04717107675969601","0.08363131247460842","0.036460235714912415"
"91620102","shared","1","2","0.5405805138871074","0.027090037074231077","0.025450546250795014","-0.0016394908234360628"
"91620102","shared","2","2","0.7757055768743157","0.027076273749116808","0.025545545511704404","-0.0015307282374124043"
"91620102","shared","3","2","1.114507668884471","0.02706787912757136","0.025681225313746836","-0.0013866538138245232"
"91620102","shared","4","2","1.5692063015885651","0.02685731987003237","0.025551267033733893","-0.001306052836298477"
"91620103","group","1","2","0.5484962520422414","2.7286497042077826","2.725007315268158","-0.0036423889396246523"
"91620103","group","2","2","0.788166610756889","2.727619226629031","2.7245772329188185","-0.0030419937102124095"
"91620103","group","3","2","1.0978293975349516","2.7281077927327715","2.7255999511980917","-0.0025078415346797556"
"91620103","group","4","2","1.5655077742412686","2.7272720959808794","2.7253686932235723","-0.0019034027573070489"
"91620103","instance","1","2","0.5484962520422414","0.04557244945317507","0.010825995355844498","-0.03474645409733057"
"91620103","instance","2","2","0.788166610756889","0.05130836088210344","0.03471512161195278","-0.01659323927015066"
"91620103","instance","3","2","1.0978293975349516","0.05471060238778591","0.058390079997479916","0.003679477609694004"
"91620103","instance","4","2","1.5655077742412686","0.05046406667679548","0.08671154361218214","0.03624747693538666"
"91620103","shared","1","2","0.5484962520422414","0.02608639497339027","0.02332771376677556","-0.0027586812066147104"
"91620103","shared","2","2","0.788166610756889","0.02594709002005402","0.02327339615294477","-0.0026736938671092503"
"91620103","shared","3","2","1.0978293975349516","0.025970589151256718","0.023331281779974233","-0.0026393073712824844"
"91620103","shared","4","2","1.5655077742412686","0.026178587177128065","0.02384039940079674","-0.002338187776331324"
