"corpus","split","component","nested_seeds","initial_mean","U_final_mean","R_final_mean","U_mean_gain","R_mean_gain","R_minus_U_gain"
"91620101","test","group","2","2.771878335857764","0.04168958536683931","0.04400052001801669","2.7301887504909246","2.727877815839747","-0.0023109346511773765"
"91620101","test","instance","2","2.7831320783589035","2.799118528375402","2.8039554436691105","-0.015986450016498566","-0.02082336531020701","-0.004836915293708444"
"91620101","test","shared","2","0.05983022151121986","0.033956064286030596","0.03529481498480891","0.025874157225189265","0.024535406526410952","-0.0013387506987783127"
"91620101","train","group","2","2.7707815126050264","0.03966731259788503","0.0418866415238881","2.7311142000071413","2.7288948710811383","-0.0022193289260030724"
"91620101","train","instance","2","2.7852742101531476","2.7450552561786026","2.7467326810583472","0.040218953974545","0.03854152909480035","-0.001677424879744649"
"91620101","train","shared","2","0.059735143102443544","0.03352616551455867","0.03488050441410451","0.026208977587884874","0.024854638688339037","-0.0013543388995458372"
"91620101","validation","group","2","2.771651146467775","0.041875035589328036","0.044146987951535266","2.729776110878447","2.72750415851624","-0.00227195236220723"
"91620101","validation","instance","2","2.7846908499486744","2.7969977920874953","2.800936583429575","-0.012306942138820887","-0.016245733480900526","-0.0039387913420796394"
"91620101","validation","shared","2","0.05970484184217639","0.03379955642230925","0.0351288115598436","0.02590528541986714","0.024576030282332795","-0.0013292551375343464"
"91620102","test","group","2","2.773563955212012","0.04023808569036191","0.043704441348381806","2.73332586952165","2.72985951386363","-0.003466355658019893"
"91620102","test","instance","2","2.7850127290003","2.797285914886743","2.804914045613259","-0.012273185886442661","-0.019901316612958908","-0.007628130726516247"
"91620102","test","shared","2","0.05873032186354976","0.03222387435744167","0.03373453248241276","0.02650644750610809","0.024995789381137","-0.001510658124971087"
"91620102","train","group","2","2.773178604664281","0.03802569555955415","0.0408867054284201","2.735152909104727","2.732291899235861","-0.002861009868865949"
"91620102","train","instance","2","2.7833150636870414","2.735726135317236","2.7386966035701334","0.04758892836980522","0.044618460116907954","-0.0029704682528972626"
"91620102","train","shared","2","0.058828035897022346","0.03180515844178444","0.03327088986952731","0.027022877455237904","0.025557146027495037","-0.0014657314277428668"
"91620102","validation","group","2","2.772986372001469","0.04054127462586621","0.04409646739077289","2.732445097375603","2.7288899046106962","-0.0035551927649066783"
"91620102","validation","instance","2","2.784574470948428","2.796487224288285","2.8046503821387887","-0.011912753339856863","-0.020075911190360785","-0.008163157850503922"
"91620102","validation","shared","2","0.05865050705324393","0.03217527476590476","0.033684101756080054","0.026475232287339168","0.024966405297163874","-0.0015088269901752938"
"91620103","test","group","2","2.7699189947452396","0.04184142952726688","0.04517877822581795","2.7280775652179727","2.7247402165194217","-0.003337348698551068"
"91620103","test","instance","2","2.785048021003604","2.8045389759354293","2.8090380989015102","-0.0194909549318254","-0.023990077897906303","-0.004499122966080904"
"91620103","test","shared","2","0.060711447997164214","0.034794638835592195","0.03746664414757106","0.02591680916157202","0.023244803849593154","-0.0026720053119788645"
"91620103","train","group","2","2.767238721018657","0.03932651613104099","0.042100422866496956","2.727912204887616","2.72513829815216","-0.0027739067354559666"
"91620103","train","instance","2","2.7839074705261737","2.7333936006762087","2.736246785381809","0.050513869849964976","0.047660685144364834","-0.0028531847056001425"
"91620103","train","shared","2","0.060467558054369874","0.034421892723912606","0.03702436027924705","0.02604566533045727","0.023443197775122826","-0.0026024675553344423"
"91620103","validation","group","2","2.7681705211289227","0.04216592569719069","0.04569145590357948","2.726004595431732","2.722479065225343","-0.003525530206388794"
"91620103","validation","instance","2","2.785627610050142","2.807940179016441","2.8129266053438187","-0.022312568966299295","-0.027298995293676853","-0.004986426327377558"
"91620103","validation","shared","2","0.06050768771820003","0.03476082747147302","0.03739854027298861","0.02574686024672701","0.02310914744521142","-0.0026377128015155904"
