"corpus","component","nested_seeds","U_mean_gain","R_mean_gain","R_minus_U_gain","slope_U_gain_per_logq","slope_R_gain_per_logq","slope_paired_delta_per_logq","R_high_minus_low","U_high_minus_low","paired_delta_high_minus_low"
"91620101","group","2","2.7311142000071413","2.7288948710811383","-0.0022193289260030724","-0.004637579292227913","-0.0034587649793054375","0.0011788143129224803","-0.0033698024781187996","-0.004572601072140969","0.0012027985940221697"
"91620101","instance","2","0.040218953974545","0.03854152909480035","-0.001677424879744649","0.00346667558842661","0.0612659268868644","0.057799251298437916","0.06003892235457897","0.0021265223622322083","0.057912399992346764"
"91620101","shared","2","0.026208977587884874","0.024854638688339037","-0.0013543388995458372","-7.900567437344758E-05","0.0002995038284290319","0.00037850950280247974","0.00025045551592484117","-0.00014409798313863575","0.0003945534990634769"
"91620102","group","2","2.735152909104727","2.732291899235861","-0.002861009868865949","0.0026440184400968805","0.004234707003116181","0.0015906885630193029","0.004277724307030439","0.002537636384658981","0.0017400879223714583"
"91620102","instance","2","0.04758892836980522","0.044618460116907954","-0.0029704682528972626","-0.0001518958023149393","0.06370570094018543","0.06385759674250041","0.0698592634871602","0.0003837393596768379","0.06947552412748337"
"91620102","shared","2","0.027022877455237904","0.025557146027495037","-0.0014657314277428668","-0.00016195177927307318","0.00014540377097722212","0.00030735555025029546","0.00010072078293887898","-0.0002327172041987069","0.0003334379871375859"
"91620103","group","2","2.727912204887616","2.72513829815216","-0.0027739067354559666","-0.0014160222526292806","0.00018297610841982266","0.0015989983610491046","0.0003613779554143548","-0.0013776082269032486","0.0017389861823176034"
"91620103","instance","2","0.050513869849964976","0.047660685144364834","-0.0028531847056001425","0.00905655010384823","0.07640178758582988","0.06734523748198168","0.07588554825633764","0.004891617223620415","0.07099393103271723"
"91620103","shared","2","0.02604566533045727","0.023443197775122826","-0.0026024675553344423","5.794008415299836E-05","0.0004569808541970696","0.0003990407700440711","0.0005126856340211816","9.219220373779535E-05","0.00042049343028338626"
