"identity","corpus","seed","component","U_mean_gain","R_mean_gain","R_minus_U_gain","slope_U_gain_per_logq","slope_R_gain_per_logq","slope_paired_delta_per_logq","R_high_minus_low","U_high_minus_low","paired_delta_high_minus_low"
"d91620101-s91640101","91620101","91640101","shared","0.025038752326508984","0.02355792562593706","-0.0014808267005719244","2.3887921716912745E-05","0.0003695157217971637","0.00034562780008025155","0.000287612434476614","-0.0001222396967932582","0.0004098521312698722"
"d91620101-s91640101","91620101","91640101","group","2.7316138947207946","2.730117747283657","-0.0014961474371375516","-0.004691529168519108","-0.003323809742535736","0.001367719425983369","-0.002060112718027085","-0.0033728739072103053","0.0013127611891832203"
"d91620101-s91640101","91620101","91640101","instance","0.032490968238562346","0.03198590315878391","-0.0005050650797784328","0.01678603007625882","0.0641419646658543","0.047355934589595555","0.06281336024403572","0.014316702261567116","0.048496657982468605"
"d91620101-s91640151","91620101","91640151","shared","0.027379202849260764","0.026151351750741014","-0.00122785109851975","-0.0001818992704638079","0.00022949193506090012","0.000411391205524708","0.00021329859737306833","-0.00016595626948401332","0.00037925486685708165"
"d91620101-s91640151","91620101","91640151","group","2.730614505293488","2.7276719948786194","-0.002942510414868593","-0.004583629415936718","-0.003593720216075139","0.0009899091998615914","-0.004679492238210514","-0.005772328237071633","0.0010928359988611192"
"d91620101-s91640151","91620101","91640151","instance","0.04794693971052766","0.04509715503081679","-0.002849784679710865","-0.009852678899405599","0.0583898891078745","0.06824256800728028","0.05726448446512222","-0.0100636575371027","0.06732814200222492"
"d91620102-s91640201","91620102","91640201","shared","0.026163534890656592","0.024689918867807137","-0.0014736160228494555","-0.0002468875874915574","9.100813457895636E-05","0.00033789572207051406","0.0001444152876501903","-0.00021400663536041975","0.00035842192301061004"
"d91620102-s91640201","91620102","91640201","group","2.7365656844667683","2.7350699974485906","-0.0014956870181777049","0.002094463018816988","0.003630300592596484","0.0015358375737794991","0.0033931448706425726","0.0017917997756740078","0.0016013450949685648"
"d91620102-s91640201","91620102","91640201","instance","0.04325352096930146","0.03921839874237776","-0.004035122226923704","-0.01745167429147636","0.031197006770467925","0.048648681061944296","0.02705341763794422","-0.02319946698844433","0.05025288462638855"
"d91620102-s91640251","91620102","91640251","shared","0.027882220019819215","0.026424373187182937","-0.0014578468326362781","-7.701597105458892E-05","0.00019979940737548788","0.00027681537843007685","5.702627822756767E-05","-0.00025142777303699404","0.0003084540512645617"
"d91620102-s91640251","91620102","91640251","group","2.7337401337426854","2.7295138010231312","-0.004226332719554193","0.0031935738613767736","0.004839113413635878","0.0016455395522591068","0.005162303743418306","0.0032834729936439544","0.0018788307497743517"
"d91620102-s91640251","91620102","91640251","instance","0.05192433577030897","0.05001852149143815","-0.001905814278870821","0.017147882686846482","0.09621439510990294","0.07906651242305654","0.11266510933637619","0.023966945707798004","0.08869816362857819"
"d91620103-s91640301","91620103","91640301","shared","0.026370874089479912","0.02409439913390088","-0.002276474955579033","-0.00014313256703460704","0.00021123058385450995","0.0003543631508891174","0.0003357369714649394","-5.040440009906888E-05","0.0003861413715640083"
"d91620103-s91640301","91620103","91640301","group","2.726136643137579","2.7230479633872164","-0.003088679750362644","-0.004680063679990078","-0.002962721920799003","0.0017173417591910777","-0.002280954213347286","-0.004218290690914728","0.0019373364775674418"
"d91620103-s91640301","91620103","91640301","instance","0.05455330107361078","0.051132369320839643","-0.003420931752771139","0.013961389638756707","0.09059657002071259","0.07663518038195592","0.09733862429857254","0.01619720458984375","0.08114141970872879"
"d91620103-s91640351","91620103","91640351","shared","0.025720456571434624","0.022791996416344773","-0.0029284601550898515","0.00025901273534060376","0.0007027311245396292","0.00044371838919902485","0.0006896342965774238","0.00023478880757465959","0.0004548454890027642"
"d91620103-s91640351","91620103","91640351","group","2.729687766637653","2.727228632917104","-0.002459133720549289","0.0018480191747315166","0.0033286741376386485","0.0014806549629071313","0.0030037101241759956","0.0014630742371082306","0.001540635887067765"
"d91620103-s91640351","91620103","91640351","instance","0.04647443862631917","0.044189000967890024","-0.002285437658429146","0.004151710568939754","0.06220700515094717","0.05805529458200744","0.054432472214102745","-0.0064139701426029205","0.060846442356705666"
