"identity","corpus","seed","split","component","initial_mean","U_final_mean","R_final_mean","U_mean_gain","R_mean_gain","R_minus_U_gain","U_negative_gain_count","R_negative_gain_count","n"
"d91620101-s91640101","91620101","91640101","train","shared","0.05982384049275424","0.03478508816624526","0.036265914866817184","0.025038752326508984","0.02355792562593706","-0.0014808267005719244","0","0","512"
"d91620101-s91640101","91620101","91640101","train","group","2.770069191697985","0.0384552969771903","0.03995144441432785","2.7316138947207946","2.730117747283657","-0.0014961474371375516","0","0","512"
"d91620101-s91640101","91620101","91640101","train","instance","2.785359686706215","2.752868718467653","2.7533737835474312","0.032490968238562346","0.03198590315878391","-0.0005050650797784328","199","213","512"
"d91620101-s91640101","91620101","91640101","validation","shared","0.05986031889915466","0.035155810721335","0.036627778245019726","0.024704508177819662","0.023232540654134937","-0.0014719675236847252","0","0","256"
"d91620101-s91640101","91620101","91640101","validation","group","2.770578865893185","0.04063073227007408","0.042099019745364785","2.729948133623111","2.7284798461478204","-0.0014682874752907082","0","0","256"
"d91620101-s91640101","91620101","91640101","validation","instance","2.784452946856618","2.793144728988409","2.799024539999664","-0.008691782131791115","-0.014571593143045902","-0.0058798110112547874","150","150","256"
"d91620101-s91640101","91620101","91640101","test","shared","0.05997176102391677","0.03528236801503226","0.036726188569446094","0.024689393008884508","0.023245572454470675","-0.0014438205544138327","0","0","512"
"d91620101-s91640101","91620101","91640101","test","group","2.7704396951012313","0.04075360850401921","0.042209227445709985","2.729686086597212","2.7282304676555214","-0.0014556189416907728","0","0","512"
"d91620101-s91640101","91620101","91640101","test","instance","2.7826091279275715","2.794191759545356","2.7985983113758266","-0.0115826316177845","-0.015989183448255062","-0.004406551830470562","311","311","512"
"d91620101-s91640151","91620101","91640151","train","shared","0.059646445712132845","0.03226724286287208","0.03349509396139183","0.027379202849260764","0.026151351750741014","-0.00122785109851975","0","0","512"
"d91620101-s91640151","91620101","91640151","train","group","2.771493833512068","0.04087932821857976","0.04382183863344835","2.730614505293488","2.7276719948786194","-0.002942510414868593","0","0","512"
"d91620101-s91640151","91620101","91640151","train","instance","2.78518873360008","2.7372417938895524","2.740091578569263","0.04794693971052766","0.04509715503081679","-0.002849784679710865","181","202","512"
"d91620101-s91640151","91620101","91640151","validation","shared","0.05954936478519812","0.0324433021232835","0.03362984487466747","0.02710606266191462","0.025919519910530653","-0.0011865427513839677","0","0","256"
"d91620101-s91640151","91620101","91640151","validation","group","2.772723427042365","0.043119338908581994","0.04619495615770575","2.729604088133783","2.7265284708846593","-0.003075617249123752","0","0","256"
"d91620101-s91640151","91620101","91640151","validation","instance","2.784928753040731","2.8008508551865816","2.802848626859486","-0.01592210214585066","-0.01791987381875515","-0.0019977716729044914","154","154","256"
"d91620101-s91640151","91620101","91640151","test","shared","0.05968868199852295","0.03262976055702893","0.03386344140017172","0.02705892144149402","0.02582524059835123","-0.0012336808431427926","0","0","512"
"d91620101-s91640151","91620101","91640151","test","group","2.7733169766142964","0.04262556222965941","0.04579181259032339","2.730691414384637","2.727525164023973","-0.0031662503606639802","0","0","512"
"d91620101-s91640151","91620101","91640151","test","instance","2.7836550287902355","2.804045297205448","2.8093125759623945","-0.02039026841521263","-0.025657547172158957","-0.005267278756946325","310","311","512"
"d91620102-s91640201","91620102","91640201","train","shared","0.05761012937728083","0.031446594486624235","0.03292021050947369","0.026163534890656592","0.024689918867807137","-0.0014736160228494555","0","0","512"
"d91620102-s91640201","91620102","91640201","train","group","2.7734422208741307","0.03687653640736244","0.03837222342554014","2.7365656844667683","2.7350699974485906","-0.0014956870181777049","0","0","512"
"d91620102-s91640201","91620102","91640201","train","instance","2.783013520296663","2.7397599993273616","2.7437951215542853","0.04325352096930146","0.03921839874237776","-0.004035122226923704","192","201","512"
"d91620102-s91640201","91620102","91640201","validation","shared","0.05740896788483951","0.03194662593159592","0.033478293094958644","0.025462341953243595","0.023930674789880868","-0.0015316671633627266","0","0","256"
"d91620102-s91640201","91620102","91640201","validation","group","2.773897853679955","0.03990244388114661","0.041926323290681466","2.7339954097988084","2.7319715303892735","-0.0020238794095348567","0","0","256"
"d91620102-s91640201","91620102","91640201","validation","instance","2.7853017123416066","2.7952821273356676","2.7973556434735656","-0.009980414994060993","-0.012053931131958961","-0.0020735161378979683","145","143","256"
"d91620102-s91640201","91620102","91640201","test","shared","0.057486430574499536","0.031880502589046955","0.03336930308432784","0.02560592798545258","0.024117127490171697","-0.0014888004952808842","0","0","512"
"d91620102-s91640201","91620102","91640201","test","group","2.7738239150494337","0.03908274326386163","0.04114754578768043","2.734741171785572","2.7326763692617533","-0.0020648025238187984","0","0","512"
"d91620102-s91640201","91620102","91640201","test","instance","2.7853164239786565","2.7943414677865803","2.797598185017705","-0.009025043807923794","-0.012281761039048433","-0.0032567172311246395","288","288","512"
"d91620102-s91640251","91620102","91640251","train","shared","0.060045942416763864","0.03216372239694465","0.03362156922958093","0.027882220019819215","0.026424373187182937","-0.0014578468326362781","0","0","512"
"d91620102-s91640251","91620102","91640251","train","group","2.7729149884544313","0.039174854711745866","0.04340118743130006","2.7337401337426854","2.7295138010231312","-0.004226332719554193","0","0","512"
"d91620102-s91640251","91620102","91640251","train","instance","2.7836166070774198","2.731692271307111","2.7335980855859816","0.05192433577030897","0.05001852149143815","-0.001905814278870821","182","192","512"
"d91620102-s91640251","91620102","91640251","validation","shared","0.05989204622164834","0.0324039236002136","0.03388991041720146","0.02748812262143474","0.02600213580444688","-0.001485986816987861","0","0","256"
"d91620102-s91640251","91620102","91640251","validation","group","2.7720748903229833","0.04118010537058581","0.04626661149086431","2.7308947849523975","2.725808278832119","-0.0050865061202785","0","0","256"
"d91620102-s91640251","91620102","91640251","validation","instance","2.783847229555249","2.797692321240902","2.811945120804012","-0.013845091685652733","-0.028097891248762608","-0.014252799563109875","149","160","256"
"d91620102-s91640251","91620102","91640251","test","shared","0.05997421315259999","0.03256724612583639","0.03409976188049768","0.027406967026763596","0.025874451272102306","-0.00153251575466129","0","0","512"
"d91620102-s91640251","91620102","91640251","test","group","2.77330399537459","0.041393428116862196","0.046261336909083184","2.731910567257728","2.727042658465507","-0.004867908792220987","0","0","512"
"d91620102-s91640251","91620102","91640251","test","instance","2.784709034021944","2.8002303619869053","2.812229906208813","-0.015521327964961529","-0.027520872186869383","-0.011999544221907854","278","288","512"
"d91620103-s91640301","91620103","91640301","train","shared","0.059767660255602095","0.03339678616612218","0.035673261121701216","0.026370874089479912","0.02409439913390088","-0.002276474955579033","0","0","512"
"d91620103-s91640301","91620103","91640301","train","group","2.7659491784870625","0.03981253534948337","0.04290121509984601","2.726136643137579","2.7230479633872164","-0.003088679750362644","0","0","512"
"d91620103-s91640301","91620103","91640301","train","instance","2.783868506550789","2.729315205477178","2.7327361372299492","0.05455330107361078","0.051132369320839643","-0.003420931752771139","178","193","512"
"d91620103-s91640301","91620103","91640301","validation","shared","0.05963230614725035","0.03365129327721661","0.035957785810751375","0.025981012870033737","0.023674520336498972","-0.0023064925335347652","0","0","256"
"d91620103-s91640301","91620103","91640301","validation","group","2.7669004360213876","0.04194174412987195","0.04525075123819988","2.7249586918915156","2.7216496847831877","-0.0033090071083279327","0","0","256"
"d91620103-s91640301","91620103","91640301","validation","instance","2.7853845693171024","2.8086327081546187","2.8141828421503305","-0.023248138837516308","-0.02879827283322811","-0.0055501339957118034","155","153","256"
"d91620103-s91640301","91620103","91640301","test","shared","0.06000193508953089","0.03380235882650595","0.03612277366119088","0.026199576263024937","0.023879161428340012","-0.002320414834684925","0","0","512"
"d91620103-s91640301","91620103","91640301","test","group","2.7686722110956907","0.04142595425946638","0.04489368620852474","2.7272462568362243","2.723778524887166","-0.0034677319490583614","0","0","512"
"d91620103-s91640301","91620103","91640301","test","instance","2.7849403228610754","2.806849733926356","2.8127241004258394","-0.021909411065280437","-0.027783777564764023","-0.005874366499483585","321","316","512"
"d91620103-s91640351","91620103","91640351","train","shared","0.06116745585313765","0.03544699928170303","0.03837545943679288","0.025720456571434624","0.022791996416344773","-0.0029284601550898515","0","0","512"
"d91620103-s91640351","91620103","91640351","train","group","2.7685282635502517","0.03884049691259861","0.0412996306331479","2.729687766637653","2.727228632917104","-0.002459133720549289","0","0","512"
"d91620103-s91640351","91620103","91640351","train","instance","2.7839464345015585","2.7374719958752394","2.7397574335336685","0.04647443862631917","0.044189000967890024","-0.002285437658429146","176","185","512"
"d91620103-s91640351","91620103","91640351","validation","shared","0.061383069289149716","0.03587036166572943","0.03883929473522585","0.025512707623420283","0.022543774553923868","-0.0029689330694964156","0","0","256"
"d91620103-s91640351","91620103","91640351","validation","group","2.769440606236458","0.042390107264509425","0.04613216056895908","2.7270504989719484","2.7233084456674987","-0.003742053304449655","0","0","256"
"d91620103-s91640351","91620103","91640351","validation","instance","2.785870650783181","2.8072476498782635","2.811670368537307","-0.021376999095082283","-0.025799717754125595","-0.004422718659043312","159","167","256"
"d91620103-s91640351","91620103","91640351","test","shared","0.06142096090479754","0.03578691884467844","0.03881051463395124","0.0256340420601191","0.022610446270846296","-0.003023595789272804","0","0","512"
"d91620103-s91640351","91620103","91640351","test","group","2.7711657783947885","0.042256904795067385","0.04546387024311116","2.728908873599721","2.7257019081516773","-0.003206965448043775","0","0","512"
"d91620103-s91640351","91620103","91640351","test","instance","2.7851557191461325","2.802228217944503","2.805352097377181","-0.01707249879837036","-0.020196378231048584","-0.0031238794326782227","300","309","512"
