"identity","corpus","seed","component","quartile","n","mean_q","U_mean_gain","R_mean_gain","R_minus_U_gain"
"d91620101-s91640101","91620101","91640101","shared","1","128","0.5461033580359071","0.025047006987733766","0.02341713331406936","-0.001629873673664406"
"d91620101-s91640101","91620101","91640101","shared","2","128","0.7881846027448773","0.024843725143000484","0.023280312569113448","-0.0015634125738870353"
"d91620101-s91640101","91620101","91640101","shared","3","128","1.1244430770166218","0.025339509884361178","0.023829510872019455","-0.0015099990123417228"
"d91620101-s91640101","91620101","91640101","shared","4","128","1.541268963366747","0.024924767290940508","0.023704745748545974","-0.0012200215423945338"
"d91620101-s91640101","91620101","91640101","group","1","128","0.5461033580359071","2.731837156956317","2.729696449212497","-0.002140707743819803"
"d91620101-s91640101","91620101","91640101","group","2","128","0.7881846027448773","2.7360261628055014","2.7341447642538697","-0.0018813985516317189"
"d91620101-s91640101","91620101","91640101","group","3","128","1.1244430770166218","2.7301279760722537","2.7289934391737916","-0.0011345368984621018"
"d91620101-s91640101","91620101","91640101","group","4","128","1.541268963366747","2.7284642830491066","2.72763633649447","-0.0008279465546365827"
"d91620101-s91640101","91620101","91640101","instance","1","128","0.5461033580359071","0.026350142434239388","0.0024600643664598465","-0.02389007806777954"
"d91620101-s91640101","91620101","91640101","instance","2","128","0.7881846027448773","0.027648121118545532","0.01722654327750206","-0.010421577841043472"
"d91620101-s91640101","91620101","91640101","instance","3","128","1.1244430770166218","0.03529876470565796","0.04298358038067818","0.007684815675020218"
"d91620101-s91640101","91620101","91640101","instance","4","128","1.541268963366747","0.0406668446958065","0.06527342461049557","0.024606579914689064"
"d91620101-s91640151","91620101","91640151","shared","1","128","0.5683560229372233","0.02750333142466843","0.026017023308668286","-0.0014863081160001457"
"d91620101-s91640151","91620101","91640151","shared","2","128","0.7743156952783465","0.027264510485110804","0.026017967189545743","-0.0012465432955650613"
"d91620101-s91640151","91620101","91640151","shared","3","128","1.0983598688617349","0.027411594332079403","0.026340094598708674","-0.0010714997333707288"
"d91620101-s91640151","91620101","91640151","shared","4","128","1.5589680913835764","0.027337375155184418","0.026230321906041354","-0.001107053249143064"
"d91620101-s91640151","91620101","91640151","group","1","128","0.5683560229372233","2.732470781513257","2.7290972774208058","-0.003373504092451185"
"d91620101-s91640151","91620101","91640151","group","2","128","0.7743156952783465","2.7327108445751946","2.729598601203179","-0.003112243372015655"
"d91620101-s91640151","91620101","91640151","group","3","128","1.0983598688617349","2.7305779418093152","2.7275743157078978","-0.003003626101417467"
"d91620101-s91640151","91620101","91640151","group","4","128","1.5589680913835764","2.7266984532761853","2.7244177851825953","-0.002280668093590066"
"d91620101-s91640151","91620101","91640151","instance","1","128","0.5683560229372233","0.05022929236292839","0.01763901486992836","-0.03259027749300003"
"d91620101-s91640151","91620101","91640151","instance","2","128","0.7743156952783465","0.05143362656235695","0.033519936725497246","-0.017913689836859703"
"d91620101-s91640151","91620101","91640151","instance","3","128","1.0983598688617349","0.0499592050909996","0.054326169192790985","0.004366964101791382"
"d91620101-s91640151","91620101","91640151","instance","4","128","1.5589680913835764","0.04016563482582569","0.07490349933505058","0.03473786450922489"
"d91620102-s91640201","91620102","91640201","shared","1","128","0.5477812651079148","0.02614439482567832","0.024487965580192395","-0.0016564292454859242"
"d91620102-s91640201","91620102","91640201","shared","2","128","0.7803942700847983","0.02638632958405651","0.024830183276208118","-0.001556146307848394"
"d91620102-s91640201","91620102","91640201","shared","3","128","1.108695442788303","0.02619302696257364","0.02480914574698545","-0.0013838812155881897"
"d91620102-s91640201","91620102","91640201","shared","4","128","1.5631292257457972","0.0259303881903179","0.024632380867842585","-0.0012980073224753141"
"d91620102-s91640201","91620102","91640201","group","1","128","0.5477812651079148","2.7345236711989855","2.7322905794135295","-0.002233091785456054"
"d91620102-s91640201","91620102","91640201","group","2","128","0.7803942700847983","2.7390035656280816","2.7371321570244618","-0.0018714086036197841"
"d91620102-s91640201","91620102","91640201","group","3","128","1.108695442788303","2.7364200300653465","2.735173529072199","-0.0012465009931474924"
"d91620102-s91640201","91620102","91640201","group","4","128","1.5631292257457972","2.7363154709746595","2.735683724284172","-0.0006317466904874891"
"d91620102-s91640201","91620102","91640201","instance","1","128","0.5477812651079148","0.05324264243245125","0.026647400110960007","-0.02659524232149124"
"d91620102-s91640201","91620102","91640201","instance","2","128","0.7803942700847983","0.04114100895822048","0.026160597801208496","-0.014980411157011986"
"d91620102-s91640201","91620102","91640201","instance","3","128","1.108695442788303","0.0485872570425272","0.0503647793084383","0.0017775222659111023"
"d91620102-s91640201","91620102","91640201","instance","4","128","1.5631292257457972","0.03004317544400692","0.05370081774890423","0.02365764230489731"
"d91620102-s91640251","91620102","91640251","shared","1","128","0.5333797626662999","0.028035679322783835","0.026413126921397634","-0.0016225524013862014"
"d91620102-s91640251","91620102","91640251","shared","2","128","0.7710168836638331","0.027766217914177105","0.02626090774720069","-0.0015053101669764146"
"d91620102-s91640251","91620102","91640251","shared","3","128","1.1203198949806392","0.02794273129256908","0.02655330488050822","-0.0013894264120608568"
"d91620102-s91640251","91620102","91640251","shared","4","128","1.575283377431333","0.02778425154974684","0.0264701531996252","-0.0013140983501216397"
"d91620102-s91640251","91620102","91640251","group","1","128","0.5333797626662999","2.7314257730322424","2.7264363087015226","-0.004989464330719784"
"d91620102-s91640251","91620102","91640251","group","2","128","0.7710168836638331","2.7345251718943473","2.730023423093371","-0.004501748800976202"
"d91620102-s91640251","91620102","91640251","group","3","128","1.1203198949806392","2.7343003440182656","2.7299968598526902","-0.004303484165575355"
"d91620102-s91640251","91620102","91640251","group","4","128","1.575283377431333","2.7347092460258864","2.731598612444941","-0.003110633580945432"
"d91620102-s91640251","91620102","91640251","instance","1","128","0.5333797626662999","0.04033203236758709","0.0008966978639364243","-0.039435334503650665"
"d91620102-s91640251","91620102","91640251","instance","2","128","0.7710168836638331","0.05291379988193512","0.030567387118935585","-0.022346412762999535"
"d91620102-s91640251","91620102","91640251","instance","3","128","1.1203198949806392","0.05015253275632858","0.05504819378256798","0.004895661026239395"
"d91620102-s91640251","91620102","91640251","instance","4","128","1.575283377431333","0.0642989780753851","0.11356180720031261","0.04926282912492752"
"d91620103-s91640301","91620103","91640301","shared","1","128","0.5421177465468645","0.026437031527166255","0.02401427559379954","-0.002422755933366716"
"d91620103-s91640301","91620103","91640301","shared","2","128","0.7899359171278775","0.026362986100139096","0.024002164995181374","-0.002360821104957722"
"d91620103-s91640301","91620103","91640301","shared","3","128","1.108829325530678","0.02629685160354711","0.024011143381358124","-0.002285708222188987"
"d91620103-s91640301","91620103","91640301","shared","4","128","1.5591173116117716","0.026386627127067186","0.02435001256526448","-0.0020366145618027076"
"d91620103-s91640301","91620103","91640301","group","1","128","0.5421177465468645","2.7279751357564237","2.72389180448954","-0.004083331266883761"
"d91620103-s91640301","91620103","91640301","group","2","128","0.7899359171278775","2.7271833309496287","2.7237823816831224","-0.003400949266506359"
"d91620103-s91640301","91620103","91640301","group","3","128","1.108829325530678","2.725631260778755","2.722906817100011","-0.0027244436787441373"
"d91620103-s91640301","91620103","91640301","group","4","128","1.5591173116117716","2.723756845065509","2.7216108502761927","-0.002145994789316319"
"d91620103-s91640301","91620103","91640301","instance","1","128","0.5421177465468645","0.04705522954463959","0.006453255191445351","-0.04060197435319424"
"d91620103-s91640301","91620103","91640301","instance","2","128","0.7899359171278775","0.05733180232346058","0.03807377070188522","-0.019258031621575356"
"d91620103-s91640301","91620103","91640301","instance","3","128","1.108829325530678","0.05057373829185963","0.05621057190001011","0.005636833608150482"
"d91620103-s91640301","91620103","91640301","instance","4","128","1.5591173116117716","0.06325243413448334","0.10379187949001789","0.040539445355534554"
"d91620103-s91640351","91620103","91640351","shared","1","128","0.5548747575376183","0.025735758419614285","0.02264115193975158","-0.003094606479862705"
"d91620103-s91640351","91620103","91640351","shared","2","128","0.7863973043859005","0.025531193939968944","0.022544627310708165","-0.0029865666292607784"
"d91620103-s91640351","91620103","91640351","shared","3","128","1.086829469539225","0.025644326698966324","0.022651420178590342","-0.002992906520375982"
"d91620103-s91640351","91620103","91640351","shared","4","128","1.5718982368707657","0.025970547227188945","0.023330786236329004","-0.0026397609908599406"
"d91620103-s91640351","91620103","91640351","group","1","128","0.5548747575376183","2.7293242726591416","2.726122826046776","-0.003201446612365544"
"d91620103-s91640351","91620103","91640351","group","2","128","0.7863973043859005","2.728055122308433","2.7253720841545146","-0.00268303815391846"
"d91620103-s91640351","91620103","91640351","group","3","128","1.086829469539225","2.730584324686788","2.7282930852961726","-0.002291239390615374"
"d91620103-s91640351","91620103","91640351","group","4","128","1.5718982368707657","2.73078734689625","2.729126536170952","-0.0016608107252977788"
"d91620103-s91640351","91620103","91640351","instance","1","128","0.5548747575376183","0.04408966936171055","0.015198735520243645","-0.028890933841466904"
"d91620103-s91640351","91620103","91640351","instance","2","128","0.7863973043859005","0.04528491944074631","0.03135647252202034","-0.013928446918725967"
"d91620103-s91640351","91620103","91640351","instance","3","128","1.086829469539225","0.058847466483712196","0.06056958809494972","0.001722121611237526"
"d91620103-s91640351","91620103","91640351","instance","4","128","1.5718982368707657","0.03767569921910763","0.06963120773434639","0.03195550851523876"
