name,width,layers,parameters,seed,data_seed,regime,weighting,cold,lr,clip,epoch,p_star,p_from_random_baseline,train_nll,validation_nll,instance_train_accuracy,instance_validation_accuracy,clip_fraction_at_checkpoint_epoch,negative_gain_fraction
cal-lr0.0001-clip1-random,128,3,621696,42,1729,mixed,random,False,0.0001,1,1,0.0006137766502408041,0.0030275972420889027,2.3896372318267822,2.3923192024230957,0.064453125,0.0595703125,1.0,0.0
cal-lr0.0001-clip1-random,128,3,621696,42,1729,mixed,random,False,0.0001,1,3,0.006381736482557491,0.007804767966384024,2.286248207092285,2.308222770690918,0.064453125,0.0595703125,1.0,0.0
cal-lr0.0001-clip1-random,128,3,621696,42,1729,mixed,random,False,0.0001,1,10,0.016947815365504146,0.01677429747330443,2.082596778869629,2.1612908840179443,0.06640625,0.0595703125,1.0,0.0
cal-lr0.0001-clip1-random,128,3,621696,42,1729,mixed,random,False,0.0001,1,30,0.095937389536772,0.08552890303503431,1.8331284523010254,2.2412662506103516,0.18359375,0.080078125,1.0,0.0
cal-lr0.0001-clip1-uniform,128,3,621696,42,1729,mixed,uniform,False,0.0001,1,1,,,2.380282163619995,2.39064359664917,0.064453125,0.0595703125,1.0,0.0
cal-lr0.0001-clip1-uniform,128,3,621696,42,1729,mixed,uniform,False,0.0001,1,3,,,2.2369704246520996,2.2794737815856934,0.064453125,0.0595703125,1.0,0.0
cal-lr0.0001-clip1-uniform,128,3,621696,42,1729,mixed,uniform,False,0.0001,1,10,,,1.8798491954803467,1.9453672170639038,0.064453125,0.0595703125,1.0,0.0
cal-lr0.0001-clip1-uniform,128,3,621696,42,1729,mixed,uniform,False,0.0001,1,30,,,1.424140214920044,1.8404736518859863,0.13671875,0.0712890625,1.0,0.0
cal-lr0.0001-clip5-random,128,3,621696,42,1729,mixed,random,False,0.0001,5,1,2.7215095312745553e-05,0.0025567919735228744,2.4079322814941406,2.4087889194488525,0.064453125,0.0595703125,0.5,0.0
cal-lr0.0001-clip5-random,128,3,621696,42,1729,mixed,random,False,0.0001,5,3,0.004881026103354544,0.006541381918397045,2.2980992794036865,2.3154444694519043,0.064453125,0.0595703125,0.0,0.0
cal-lr0.0001-clip5-random,128,3,621696,42,1729,mixed,random,False,0.0001,5,10,0.017641389492772733,0.01736713875891923,2.1131248474121094,2.1934189796447754,0.0654296875,0.05859375,0.0625,0.0
cal-lr0.0001-clip5-random,128,3,621696,42,1729,mixed,random,False,0.0001,5,30,0.11038566834640841,0.09801674855266618,1.8376951217651367,2.295250177383423,0.20654296875,0.08203125,1.0,0.001953125
cal-lr0.0001-clip5-uniform,128,3,621696,42,1729,mixed,uniform,False,0.0001,5,1,,,2.414314031600952,2.419025421142578,0.064453125,0.0595703125,0.375,0.0
cal-lr0.0001-clip5-uniform,128,3,621696,42,1729,mixed,uniform,False,0.0001,5,3,,,2.265291213989258,2.2950875759124756,0.064453125,0.0595703125,0.0,0.0
cal-lr0.0001-clip5-uniform,128,3,621696,42,1729,mixed,uniform,False,0.0001,5,10,,,1.9358998537063599,2.002074956893921,0.064453125,0.0595703125,0.0,0.0
cal-lr0.0001-clip5-uniform,128,3,621696,42,1729,mixed,uniform,False,0.0001,5,30,,,1.399263620376587,1.8506397008895874,0.1474609375,0.0615234375,0.375,0.0
cal-lr0.0001-clipNone-random,128,3,621696,42,1729,mixed,random,False,0.0001,,1,0.0,0.0018828625009548895,2.433039665222168,2.42850399017334,0.064453125,0.0595703125,0,0.0
cal-lr0.0001-clipNone-random,128,3,621696,42,1729,mixed,random,False,0.0001,,3,0.004384715417782164,0.0061306345222307684,2.310318946838379,2.3243210315704346,0.064453125,0.0595703125,0,0.0
cal-lr0.0001-clipNone-random,128,3,621696,42,1729,mixed,random,False,0.0001,,10,0.01759533853900478,0.017321607499788047,2.1649277210235596,2.2379255294799805,0.0654296875,0.05859375,0,0.0
cal-lr0.0001-clipNone-random,128,3,621696,42,1729,mixed,random,False,0.0001,,30,0.10782569823884691,0.09571810121233779,1.8546903133392334,2.2810704708099365,0.19140625,0.0712890625,0,0.001953125
cal-lr0.0001-clipNone-uniform,128,3,621696,42,1729,mixed,uniform,False,0.0001,,1,,,2.436018705368042,2.436084508895874,0.064453125,0.0595703125,0,0.0
cal-lr0.0001-clipNone-uniform,128,3,621696,42,1729,mixed,uniform,False,0.0001,,3,,,2.2849245071411133,2.307803153991699,0.064453125,0.0595703125,0,0.0
cal-lr0.0001-clipNone-uniform,128,3,621696,42,1729,mixed,uniform,False,0.0001,,10,,,1.9838594198226929,2.0483360290527344,0.064453125,0.0595703125,0,0.0
cal-lr0.0001-clipNone-uniform,128,3,621696,42,1729,mixed,uniform,False,0.0001,,30,,,1.449715495109558,1.8250807523727417,0.12744140625,0.05859375,0,0.0
cal-lr0.0003-clip1-random,128,3,621696,42,1729,mixed,random,False,0.0003,1,1,0.005861650364748873,0.00739919818546877,2.3358936309814453,2.357558012008667,0.06640625,0.05859375,1.0,0.0
cal-lr0.0003-clip1-random,128,3,621696,42,1729,mixed,random,False,0.0003,1,3,0.013604988248778212,0.013912555261288314,2.186931610107422,2.242241382598877,0.06640625,0.0595703125,1.0,0.0
cal-lr0.0003-clip1-random,128,3,621696,42,1729,mixed,random,False,0.0003,1,10,0.02997702800677763,0.028161137685119172,1.8348965644836426,1.9881490468978882,0.09521484375,0.07421875,1.0,0.0
cal-lr0.0003-clip1-random,128,3,621696,42,1729,mixed,random,False,0.0003,1,30,0.1949708988941774,0.17349367654582037,1.5687899589538574,2.6665661334991455,0.3935546875,0.05859375,1.0,0.001953125
cal-lr0.0003-clip1-uniform,128,3,621696,42,1729,mixed,uniform,False,0.0003,1,1,,,2.289954662322998,2.3199524879455566,0.064453125,0.0595703125,1.0,0.0
cal-lr0.0003-clip1-uniform,128,3,621696,42,1729,mixed,uniform,False,0.0003,1,3,,,2.0510571002960205,2.1208701133728027,0.06494140625,0.0595703125,1.0,0.0
cal-lr0.0003-clip1-uniform,128,3,621696,42,1729,mixed,uniform,False,0.0003,1,10,,,1.6240266561508179,1.796233057975769,0.0947265625,0.076171875,1.0,0.0
cal-lr0.0003-clip1-uniform,128,3,621696,42,1729,mixed,uniform,False,0.0003,1,30,,,0.5923987627029419,1.9299489259719849,0.54150390625,0.068359375,1.0,0.0
cal-lr0.0003-clip5-random,128,3,621696,42,1729,mixed,random,False,0.0003,5,1,0.005448245930090849,0.007072687744022935,2.3654465675354004,2.3843095302581787,0.06884765625,0.05859375,0.25,0.0
cal-lr0.0003-clip5-random,128,3,621696,42,1729,mixed,random,False,0.0003,5,3,0.012787085820828086,0.013219099412849954,2.211948871612549,2.2630162239074707,0.06494140625,0.0595703125,0.0,0.0
cal-lr0.0003-clip5-random,128,3,621696,42,1729,mixed,random,False,0.0003,5,10,0.029471309005495258,0.02769853110501972,1.8654816150665283,2.012071132659912,0.09130859375,0.07421875,0.0625,0.0
cal-lr0.0003-clip5-random,128,3,621696,42,1729,mixed,random,False,0.0003,5,30,0.20369529102167366,0.181445816577413,1.5417383909225464,2.742743492126465,0.39453125,0.076171875,0.375,0.00390625
cal-lr0.0003-clip5-uniform,128,3,621696,42,1729,mixed,uniform,False,0.0003,5,1,,,2.309859275817871,2.338350296020508,0.064453125,0.0595703125,0.1875,0.0
cal-lr0.0003-clip5-uniform,128,3,621696,42,1729,mixed,uniform,False,0.0003,5,3,,,2.11342191696167,2.1772427558898926,0.06591796875,0.060546875,0.0,0.0
cal-lr0.0003-clip5-uniform,128,3,621696,42,1729,mixed,uniform,False,0.0003,5,10,,,1.6866040229797363,1.8048018217086792,0.09716796875,0.0869140625,0.0,0.0
cal-lr0.0003-clip5-uniform,128,3,621696,42,1729,mixed,uniform,False,0.0003,5,30,,,0.49166417121887207,1.882734775543213,0.5654296875,0.05859375,0.9375,0.0
cal-lr0.0003-clipNone-random,128,3,621696,42,1729,mixed,random,False,0.0003,,1,0.002706123085669444,0.004879204592788681,2.477616786956787,2.4935250282287598,0.0703125,0.060546875,0,0.0
cal-lr0.0003-clipNone-random,128,3,621696,42,1729,mixed,random,False,0.0003,,3,0.010805011322984247,0.011540214823982809,2.243921995162964,2.2871034145355225,0.06494140625,0.05859375,0,0.0
cal-lr0.0003-clipNone-random,128,3,621696,42,1729,mixed,random,False,0.0003,,10,0.025985033768519787,0.024648572019283915,1.8941009044647217,2.02410626411438,0.0830078125,0.0703125,0,0.0
cal-lr0.0003-clipNone-random,128,3,621696,42,1729,mixed,random,False,0.0003,,30,0.19954655020199524,0.17832205701043313,1.4769890308380127,2.71500563621521,0.419921875,0.0693359375,0,0.001953125
cal-lr0.0003-clipNone-uniform,128,3,621696,42,1729,mixed,uniform,False,0.0003,,1,,,2.4076967239379883,2.4260294437408447,0.0693359375,0.0595703125,0,0.0
cal-lr0.0003-clipNone-uniform,128,3,621696,42,1729,mixed,uniform,False,0.0003,,3,,,2.16174054145813,2.219388723373413,0.064453125,0.0595703125,0,0.0
cal-lr0.0003-clipNone-uniform,128,3,621696,42,1729,mixed,uniform,False,0.0003,,10,,,1.709306001663208,1.8147456645965576,0.09375,0.0751953125,0,0.0
cal-lr0.0003-clipNone-uniform,128,3,621696,42,1729,mixed,uniform,False,0.0003,,30,,,0.5437489748001099,1.7868027687072754,0.53759765625,0.0732421875,0,0.0
cal-lr0.001-clip1-random,128,3,621696,42,1729,mixed,random,False,0.001,1,1,0.008508153439742663,0.009634682012619154,2.337374448776245,2.3674654960632324,0.06396484375,0.0556640625,1.0,0.0
cal-lr0.001-clip1-random,128,3,621696,42,1729,mixed,random,False,0.001,1,3,0.011445517854241517,0.012040676100064627,2.0815837383270264,2.1550915241241455,0.06640625,0.05859375,1.0,0.0
cal-lr0.001-clip1-random,128,3,621696,42,1729,mixed,random,False,0.001,1,10,0.06381581195970308,0.0577817934763042,1.7686777114868164,2.0825157165527344,0.1416015625,0.05859375,1.0,0.0
cal-lr0.001-clip1-random,128,3,621696,42,1729,mixed,random,False,0.001,1,30,0.18907349633347376,0.169119387800516,1.4788353443145752,2.749283790588379,0.38720703125,0.0712890625,1.0,0.0
cal-lr0.001-clip1-uniform,128,3,621696,42,1729,mixed,uniform,False,0.001,1,1,,,2.189761161804199,2.2602710723876953,0.064453125,0.05859375,1.0,0.0
cal-lr0.001-clip1-uniform,128,3,621696,42,1729,mixed,uniform,False,0.001,1,3,,,1.8414199352264404,1.8672327995300293,0.0732421875,0.0625,0.6875,0.0
cal-lr0.001-clip1-uniform,128,3,621696,42,1729,mixed,uniform,False,0.001,1,10,,,1.34209406375885,1.6476143598556519,0.1259765625,0.0625,1.0,0.0
cal-lr0.001-clip1-uniform,128,3,621696,42,1729,mixed,uniform,False,0.001,1,30,,,0.3413964807987213,1.9276056289672852,0.708984375,0.060546875,1.0,0.0
cal-lr0.001-clip5-random,128,3,621696,42,1729,mixed,random,False,0.001,5,1,0.006740621708778163,0.00816557575413739,2.3709099292755127,2.394118309020996,0.06689453125,0.0576171875,0.25,0.0
cal-lr0.001-clip5-random,128,3,621696,42,1729,mixed,random,False,0.001,5,3,0.013532295593258494,0.01383997348563247,2.1097865104675293,2.1802585124969482,0.06494140625,0.060546875,0.0,0.0
cal-lr0.001-clip5-random,128,3,621696,42,1729,mixed,random,False,0.001,5,10,0.057943520896037354,0.05250635158759527,1.8448346853256226,2.111333131790161,0.12060546875,0.0595703125,0.125,0.0
cal-lr0.001-clip5-random,128,3,621696,42,1729,mixed,random,False,0.001,5,30,0.18626213638353412,0.16639364307608673,1.5045362710952759,2.750030517578125,0.3623046875,0.07421875,0.375,0.001953125
cal-lr0.001-clip5-uniform,128,3,621696,42,1729,mixed,uniform,False,0.001,5,1,,,2.221830368041992,2.2911338806152344,0.064453125,0.0615234375,0.0625,0.0
cal-lr0.001-clip5-uniform,128,3,621696,42,1729,mixed,uniform,False,0.001,5,3,,,1.8681888580322266,1.9022893905639648,0.07080078125,0.0634765625,0.0,0.0
cal-lr0.001-clip5-uniform,128,3,621696,42,1729,mixed,uniform,False,0.001,5,10,,,1.3968075513839722,1.646873116493225,0.0986328125,0.0712890625,0.0,0.0
cal-lr0.001-clip5-uniform,128,3,621696,42,1729,mixed,uniform,False,0.001,5,30,,,0.39965182542800903,1.7921333312988281,0.6552734375,0.060546875,0.0,0.0
cal-lr0.001-clipNone-random,128,3,621696,42,1729,mixed,random,False,0.001,,1,0.006220568928388693,0.0077494971883971114,2.4005889892578125,2.4206535816192627,0.07177734375,0.05859375,0,0.0
cal-lr0.001-clipNone-random,128,3,621696,42,1729,mixed,random,False,0.001,,3,0.0138470083680199,0.014114036839267347,2.1438703536987305,2.200925827026367,0.0654296875,0.0615234375,0,0.0
cal-lr0.001-clipNone-random,128,3,621696,42,1729,mixed,random,False,0.001,,10,0.05212491821846976,0.04744584761844296,1.8433425426483154,2.080890655517578,0.125,0.056640625,0,0.0
cal-lr0.001-clipNone-random,128,3,621696,42,1729,mixed,random,False,0.001,,30,0.1986417956165044,0.17728015300918304,1.51349675655365,2.7563133239746094,0.38037109375,0.072265625,0,0.0078125
cal-lr0.001-clipNone-uniform,128,3,621696,42,1729,mixed,uniform,False,0.001,,1,,,2.2366385459899902,2.3066606521606445,0.0654296875,0.060546875,0,0.0
cal-lr0.001-clipNone-uniform,128,3,621696,42,1729,mixed,uniform,False,0.001,,3,,,1.87949800491333,1.9159481525421143,0.07373046875,0.0673828125,0,0.0
cal-lr0.001-clipNone-uniform,128,3,621696,42,1729,mixed,uniform,False,0.001,,10,,,1.4010698795318604,1.6523488759994507,0.10986328125,0.072265625,0,0.0
cal-lr0.001-clipNone-uniform,128,3,621696,42,1729,mixed,uniform,False,0.001,,30,,,0.4490794241428375,1.6980838775634766,0.59423828125,0.0625,0,0.0
confirm-w128-s42-mixed,128,3,621696,42,2718,mixed,random,False,0.0001,1,1,0.010145493739371143,0.0,2.4162497520446777,2.418333053588867,0.05908203125,0.0595703125,1.0,0.0
confirm-w128-s42-mixed,128,3,621696,42,2718,mixed,random,False,0.0001,1,3,0.016723704177340717,0.004993356981448151,2.3253424167633057,2.3457956314086914,0.05908203125,0.0595703125,1.0,0.0
confirm-w128-s42-mixed,128,3,621696,42,2718,mixed,random,False,0.0001,1,10,0.024717096137375667,0.013181074481978795,2.084937572479248,2.149556875228882,0.060546875,0.05859375,1.0,0.0
confirm-w128-s42-mixed,128,3,621696,42,2718,mixed,random,False,0.0001,1,30,0.09384222821706752,0.07560054509586063,1.8088414669036865,2.219606399536133,0.17919921875,0.0556640625,1.0,0.001953125
confirm-w128-s42-mixed,128,3,621696,42,2718,mixed,random,False,0.0001,1,60,0.18987350426242122,0.16424841460429535,1.4396703243255615,2.6997554302215576,0.421875,0.0673828125,1.0,0.00390625
confirm-w128-s42-mixed-uniform,128,3,621696,42,2718,mixed,uniform,False,0.0001,1,1,,,2.398216485977173,2.4101979732513428,0.05908203125,0.0595703125,1.0,0.0
confirm-w128-s42-mixed-uniform,128,3,621696,42,2718,mixed,uniform,False,0.0001,1,3,,,2.2671542167663574,2.311145305633545,0.05908203125,0.0595703125,1.0,0.0
confirm-w128-s42-mixed-uniform,128,3,621696,42,2718,mixed,uniform,False,0.0001,1,10,,,1.8800965547561646,1.9314444065093994,0.06005859375,0.0595703125,1.0,0.0
confirm-w128-s42-mixed-uniform,128,3,621696,42,2718,mixed,uniform,False,0.0001,1,30,,,1.4625575542449951,1.8702276945114136,0.13720703125,0.056640625,1.0,0.0
confirm-w128-s42-mixed-uniform,128,3,621696,42,2718,mixed,uniform,False,0.0001,1,60,,,0.6317986845970154,2.23988676071167,0.5693359375,0.068359375,1.0,0.0
confirm-w128-s42-shared,128,3,621696,42,2718,shared,random,False,0.0001,1,1,0.0,0.0,0.03638288006186485,0.036371659487485886,,,0.0,0.0
confirm-w128-s42-shared,128,3,621696,42,2718,shared,random,False,0.0001,1,3,0.0,0.0,0.02410055324435234,0.024096595123410225,,,0.0,0.0
confirm-w128-s42-shared,128,3,621696,42,2718,shared,random,False,0.0001,1,10,0.0,0.0,0.009327927604317665,0.009327655658125877,,,0.0,0.0
confirm-w128-s42-shared,128,3,621696,42,2718,shared,random,False,0.0001,1,30,0.0,0.0,0.0024058176204562187,0.0024061151780188084,,,0.0,0.0
confirm-w128-s42-shared,128,3,621696,42,2718,shared,random,False,0.0001,1,60,0.0,0.0,0.0008523003198206425,0.0008524676086381078,,,0.0,0.0
confirm-w128-s42-structured,128,3,621696,42,2718,structured,random,False,0.0001,1,1,0.009127608973640709,0.0009231461266321262,1.9680559635162354,1.9815963506698608,,,1.0,0.0
confirm-w128-s42-structured,128,3,621696,42,2718,structured,random,False,0.0001,1,3,0.018844264075445746,0.006221971570018598,1.830794095993042,1.8718626499176025,,,1.0,0.0
confirm-w128-s42-structured,128,3,621696,42,2718,structured,random,False,0.0001,1,10,0.02395881293522232,0.010176333957841302,1.5633065700531006,1.6201043128967285,,,1.0,0.0
confirm-w128-s42-structured,128,3,621696,42,2718,structured,random,False,0.0001,1,30,0.09459028675482027,0.053987821649963214,1.156765341758728,1.467607855796814,,,1.0,0.0
confirm-w128-s42-structured,128,3,621696,42,2718,structured,random,False,0.0001,1,60,0.05925170527111151,0.0385746996139963,0.3237195909023285,0.9453788995742798,,,1.0,0.0
confirm-w128-s43-mixed,128,3,621696,43,2718,mixed,random,False,0.0001,1,1,0.002184188311535977,0.0032829102999447114,2.403286933898926,2.408536434173584,0.05908203125,0.0595703125,1.0,0.0
confirm-w128-s43-mixed,128,3,621696,43,2718,mixed,random,False,0.0001,1,3,0.00995542779289657,0.01010973274187289,2.3214709758758545,2.346336603164673,0.05908203125,0.0595703125,1.0,0.0
confirm-w128-s43-mixed,128,3,621696,43,2718,mixed,random,False,0.0001,1,10,0.01955815036354397,0.018675616572016093,2.123690605163574,2.1909496784210205,0.05908203125,0.060546875,1.0,0.0
confirm-w128-s43-mixed,128,3,621696,43,2718,mixed,random,False,0.0001,1,30,0.08133470250834085,0.07462284746733423,1.8324294090270996,2.188481330871582,0.1728515625,0.060546875,1.0,0.0
confirm-w128-s43-mixed,128,3,621696,43,2718,mixed,random,False,0.0001,1,60,0.1853329018964595,0.17070649502521634,1.4609142541885376,2.6882758140563965,0.4228515625,0.0595703125,1.0,0.001953125
confirm-w128-s43-mixed-uniform,128,3,621696,43,2718,mixed,uniform,False,0.0001,1,1,,,2.4105124473571777,2.42462158203125,0.05908203125,0.0595703125,1.0,0.0
confirm-w128-s43-mixed-uniform,128,3,621696,43,2718,mixed,uniform,False,0.0001,1,3,,,2.2557854652404785,2.2977986335754395,0.05908203125,0.0595703125,1.0,0.0
confirm-w128-s43-mixed-uniform,128,3,621696,43,2718,mixed,uniform,False,0.0001,1,10,,,1.8792072534561157,1.9241498708724976,0.0595703125,0.0595703125,1.0,0.0
confirm-w128-s43-mixed-uniform,128,3,621696,43,2718,mixed,uniform,False,0.0001,1,30,,,1.4739468097686768,1.9092588424682617,0.140625,0.0693359375,1.0,0.0
confirm-w128-s43-mixed-uniform,128,3,621696,43,2718,mixed,uniform,False,0.0001,1,60,,,0.749019205570221,2.3003408908843994,0.4912109375,0.0576171875,1.0,0.0
confirm-w128-s43-shared,128,3,621696,43,2718,shared,random,False,0.0001,1,1,0.0001395685508271646,0.0,0.03612291067838669,0.03612296283245087,,,0.0,0.0
confirm-w128-s43-shared,128,3,621696,43,2718,shared,random,False,0.0001,1,3,0.0,0.0,0.02390061505138874,0.023902544751763344,,,0.0,0.0
confirm-w128-s43-shared,128,3,621696,43,2718,shared,random,False,0.0001,1,10,0.0,0.0,0.00915428064763546,0.00915632862597704,,,0.0,0.0
confirm-w128-s43-shared,128,3,621696,43,2718,shared,random,False,0.0001,1,30,0.0,0.0,0.0023629877250641584,0.002363805193454027,,,0.0,0.0
confirm-w128-s43-shared,128,3,621696,43,2718,shared,random,False,0.0001,1,60,0.0,0.0,0.0008361447835341096,0.0008364316890947521,,,0.0,0.0
confirm-w128-s43-structured,128,3,621696,43,2718,structured,random,False,0.0001,1,1,0.0001988043194225041,0.005651386407152655,1.9998974800109863,2.016812562942505,,,1.0,0.0
confirm-w128-s43-structured,128,3,621696,43,2718,structured,random,False,0.0001,1,3,0.010812558411726035,0.010868255426615372,1.846588134765625,1.875296711921692,,,1.0,0.0
confirm-w128-s43-structured,128,3,621696,43,2718,structured,random,False,0.0001,1,10,0.020493265396121757,0.016272820718874106,1.619147777557373,1.6747300624847412,,,1.0,0.0
confirm-w128-s43-structured,128,3,621696,43,2718,structured,random,False,0.0001,1,30,0.08686864272031297,0.05781498455971468,1.161277413368225,1.4579051733016968,,,1.0,0.0
confirm-w128-s43-structured,128,3,621696,43,2718,structured,random,False,0.0001,1,60,0.029899050625238455,0.02435242620849428,0.21342921257019043,0.7086745500564575,,,0.8125,0.0
confirm-w128-s44-mixed,128,3,621696,44,2718,mixed,random,False,0.0001,1,1,0.005628440016723907,0.002842200579544862,2.4366579055786133,2.443972587585449,0.05908203125,0.0595703125,1.0,0.0
confirm-w128-s44-mixed,128,3,621696,44,2718,mixed,random,False,0.0001,1,3,0.012070267873310028,0.008437060395533394,2.3282530307769775,2.35357928276062,0.05908203125,0.0595703125,1.0,0.0
confirm-w128-s44-mixed,128,3,621696,44,2718,mixed,random,False,0.0001,1,10,0.0206485034056874,0.0161487750590866,2.109396457672119,2.175041675567627,0.060546875,0.05859375,1.0,0.0
confirm-w128-s44-mixed,128,3,621696,44,2718,mixed,random,False,0.0001,1,30,0.08428927749944143,0.07230941852158759,1.7994520664215088,2.1833841800689697,0.17041015625,0.056640625,1.0,0.0
confirm-w128-s44-mixed,128,3,621696,44,2718,mixed,random,False,0.0001,1,60,0.19660520856884095,0.17301061434812437,1.4918489456176758,2.704719305038452,0.43408203125,0.0615234375,1.0,0.001953125
confirm-w128-s44-mixed-uniform,128,3,621696,44,2718,mixed,uniform,False,0.0001,1,1,,,2.4116194248199463,2.4164390563964844,0.05908203125,0.0595703125,1.0,0.0
confirm-w128-s44-mixed-uniform,128,3,621696,44,2718,mixed,uniform,False,0.0001,1,3,,,2.263690233230591,2.303502082824707,0.05908203125,0.0595703125,1.0,0.0
confirm-w128-s44-mixed-uniform,128,3,621696,44,2718,mixed,uniform,False,0.0001,1,10,,,1.8783981800079346,1.9260965585708618,0.06005859375,0.05859375,1.0,0.0
confirm-w128-s44-mixed-uniform,128,3,621696,44,2718,mixed,uniform,False,0.0001,1,30,,,1.4707720279693604,1.928154706954956,0.13818359375,0.0556640625,1.0,0.0
confirm-w128-s44-mixed-uniform,128,3,621696,44,2718,mixed,uniform,False,0.0001,1,60,,,0.6665554046630859,2.304039478302002,0.55224609375,0.0712890625,1.0,0.0
confirm-w128-s44-shared,128,3,621696,44,2718,shared,random,False,0.0001,1,1,0.0,0.0,0.037651415914297104,0.03762587159872055,,,0.0,0.0
confirm-w128-s44-shared,128,3,621696,44,2718,shared,random,False,0.0001,1,3,0.0,0.0,0.025092631578445435,0.02507978118956089,,,0.0,0.0
confirm-w128-s44-shared,128,3,621696,44,2718,shared,random,False,0.0001,1,10,0.0,0.0,0.009639682248234749,0.00963660329580307,,,0.0,0.0
confirm-w128-s44-shared,128,3,621696,44,2718,shared,random,False,0.0001,1,30,0.0,0.0,0.002465760800987482,0.0024653396103531122,,,0.0,0.0
confirm-w128-s44-shared,128,3,621696,44,2718,shared,random,False,0.0001,1,60,0.0,0.0,0.0008691081311553717,0.0008690780960023403,,,0.0,0.0
confirm-w128-s44-structured,128,3,621696,44,2718,structured,random,False,0.0001,1,1,0.009687039090644872,0.002656667432332789,1.9837270975112915,2.0001485347747803,,,1.0,0.0
confirm-w128-s44-structured,128,3,621696,44,2718,structured,random,False,0.0001,1,3,0.019387841394015448,0.007827885741656649,1.848327875137329,1.8913304805755615,,,1.0,0.0
confirm-w128-s44-structured,128,3,621696,44,2718,structured,random,False,0.0001,1,10,0.026242398174543928,0.012419437618655847,1.6157079935073853,1.6794480085372925,,,1.0,0.0
confirm-w128-s44-structured,128,3,621696,44,2718,structured,random,False,0.0001,1,30,0.09352898798532414,0.0543642172764852,1.152272343635559,1.4703913927078247,,,1.0,0.0
confirm-w128-s44-structured,128,3,621696,44,2718,structured,random,False,0.0001,1,60,0.08742077913279164,0.057399403203843236,0.4782644510269165,1.3044594526290894,,,1.0,0.0
confirm-w256-s42-mixed,256,4,3212800,42,2718,mixed,random,False,0.0001,1,1,0.008724551720991059,0.001570107372114948,2.439589738845825,2.453465223312378,0.05908203125,0.0595703125,1.0,0.0
confirm-w256-s42-mixed,256,4,3212800,42,2718,mixed,random,False,0.0001,1,3,0.015975859498142793,0.01264977170137152,2.2696855068206787,2.3032495975494385,0.05908203125,0.0595703125,1.0,0.0
confirm-w256-s42-mixed,256,4,3212800,42,2718,mixed,random,False,0.0001,1,10,0.02801836005479024,0.029804752554399745,1.8238407373428345,1.9774569272994995,0.099609375,0.0615234375,1.0,0.0
confirm-w256-s42-mixed,256,4,3212800,42,2718,mixed,random,False,0.0001,1,30,0.14475027443010557,0.18573311260639663,1.4411044120788574,2.8677773475646973,0.45166015625,0.064453125,1.0,0.0
confirm-w256-s42-mixed,256,4,3212800,42,2718,mixed,random,False,0.0001,1,60,0.0651225942715685,0.07535777834668242,0.48394906520843506,3.180556535720825,0.7998046875,0.068359375,0.5625,0.0
confirm-w256-s42-shared,256,4,3212800,42,2718,shared,random,False,0.0001,1,1,0.0002925469289062452,0.0,0.0049491142854094505,0.0049533480778336525,,,0.0,0.0
confirm-w256-s42-shared,256,4,3212800,42,2718,shared,random,False,0.0001,1,3,0.00015462268363264944,0.0,0.0024814833886921406,0.0024833250790834427,,,0.0,0.0
confirm-w256-s42-shared,256,4,3212800,42,2718,shared,random,False,0.0001,1,10,8.654969671548029e-05,0.0,0.0007015322335064411,0.0007020681514404714,,,0.0,0.0
confirm-w256-s42-shared,256,4,3212800,42,2718,shared,random,False,0.0001,1,30,6.6853788093563e-05,0.0,0.00015022855950519443,0.0001503590465290472,,,0.0,0.0
confirm-w256-s42-shared,256,4,3212800,42,2718,shared,random,False,0.0001,1,60,6.287232667876683e-05,0.0,4.86227945657447e-05,4.8666155635146424e-05,,,0.0,0.0
confirm-w256-s42-structured,256,4,3212800,42,2718,structured,random,False,0.0001,1,1,0.00829139408027492,0.004153631825640217,1.9841105937957764,2.0133936405181885,,,1.0,0.0
confirm-w256-s42-structured,256,4,3212800,42,2718,structured,random,False,0.0001,1,3,0.016373824904295273,0.01161093313012429,1.7401447296142578,1.7925647497177124,,,1.0,0.0
confirm-w256-s42-structured,256,4,3212800,42,2718,structured,random,False,0.0001,1,10,0.030712413072167863,0.025168096364471863,1.2477843761444092,1.36275053024292,,,1.0,0.0
confirm-w256-s42-structured,256,4,3212800,42,2718,structured,random,False,0.0001,1,30,0.012647545510936876,0.00998621050515765,0.0762346088886261,0.3655634820461273,,,0.0,0.0
confirm-w256-s42-structured,256,4,3212800,42,2718,structured,random,False,0.0001,1,60,0.0024390482901778835,0.0005742819718881086,0.003517377423122525,0.175044983625412,,,0.0,0.0
confirm-w256-s43-mixed,256,4,3212800,43,2718,mixed,random,False,0.0001,1,1,0.0026941133874543097,0.002822401098580939,2.4287185668945312,2.4426631927490234,0.05908203125,0.0595703125,1.0,0.0
confirm-w256-s43-mixed,256,4,3212800,43,2718,mixed,random,False,0.0001,1,3,0.009193266728746215,0.011539436647459635,2.2724647521972656,2.314479351043701,0.05859375,0.0615234375,1.0,0.0
confirm-w256-s43-mixed,256,4,3212800,43,2718,mixed,random,False,0.0001,1,10,0.027876300791909843,0.03547170217341254,1.9064357280731201,2.0619029998779297,0.10205078125,0.056640625,1.0,0.0
confirm-w256-s43-mixed,256,4,3212800,43,2718,mixed,random,False,0.0001,1,30,0.12979220941900532,0.16177171815263564,1.4004265069961548,2.7148704528808594,0.42919921875,0.06640625,1.0,0.0
confirm-w256-s43-mixed,256,4,3212800,43,2718,mixed,random,False,0.0001,1,60,0.050300984591102285,0.059276227238372864,0.4242945909500122,3.0994365215301514,0.80517578125,0.0673828125,0.8125,0.0
confirm-w256-s43-shared,256,4,3212800,43,2718,shared,random,False,0.0001,1,1,0.0008361174461923447,0.0,0.00489844148978591,0.004899116698652506,,,0.0,0.0
confirm-w256-s43-shared,256,4,3212800,43,2718,shared,random,False,0.0001,1,3,0.000507879814157413,0.0,0.0024349938612431288,0.002435282338410616,,,0.0,0.0
confirm-w256-s43-shared,256,4,3212800,43,2718,shared,random,False,0.0001,1,10,0.00039070590209861107,0.0,0.000680922472383827,0.0006810760241933167,,,0.0,0.0
confirm-w256-s43-shared,256,4,3212800,43,2718,shared,random,False,0.0001,1,30,0.000358147176916839,0.0,0.000147099926834926,0.00014718106831423938,,,0.0,0.0
confirm-w256-s43-shared,256,4,3212800,43,2718,shared,random,False,0.0001,1,60,0.0003530556567884751,0.0,4.791230821865611e-05,4.796225766767748e-05,,,0.0,0.0
confirm-w256-s43-structured,256,4,3212800,43,2718,structured,random,False,0.0001,1,1,0.0017687051469976092,0.0062526654212959575,1.9824573993682861,1.9933619499206543,,,1.0,0.0
confirm-w256-s43-structured,256,4,3212800,43,2718,structured,random,False,0.0001,1,3,0.011629720779575619,0.014032094997802433,1.7748104333877563,1.8256361484527588,,,1.0,0.0
confirm-w256-s43-structured,256,4,3212800,43,2718,structured,random,False,0.0001,1,10,0.0321842543019617,0.03110297771855189,1.2756221294403076,1.4178569316864014,,,1.0,0.0
confirm-w256-s43-structured,256,4,3212800,43,2718,structured,random,False,0.0001,1,30,0.0038212086834272744,0.006166611534681572,0.05693909153342247,0.2955982983112335,,,0.0,0.0
confirm-w256-s43-structured,256,4,3212800,43,2718,structured,random,False,0.0001,1,60,0.0,0.0,0.0032260052394121885,0.14013603329658508,,,0.0,0.0
confirm-w256-s44-mixed,256,4,3212800,44,2718,mixed,random,False,0.0001,1,1,0.007318877935701313,0.004399533657168832,2.4779224395751953,2.4915080070495605,0.05615234375,0.0625,1.0,0.0
confirm-w256-s44-mixed,256,4,3212800,44,2718,mixed,random,False,0.0001,1,3,0.012990349467159292,0.012789147597477384,2.2878267765045166,2.3292336463928223,0.05859375,0.060546875,1.0,0.0
confirm-w256-s44-mixed,256,4,3212800,44,2718,mixed,random,False,0.0001,1,10,0.03171972768943691,0.038567523846195134,1.909925937652588,2.074908971786499,0.09326171875,0.0458984375,1.0,0.0
confirm-w256-s44-mixed,256,4,3212800,44,2718,mixed,random,False,0.0001,1,30,0.1329056647723672,0.16994176417145918,1.3512402772903442,2.723886251449585,0.45361328125,0.0537109375,1.0,0.0
confirm-w256-s44-mixed,256,4,3212800,44,2718,mixed,random,False,0.0001,1,60,0.054096992445060124,0.0634413531692335,0.4033997356891632,3.172372817993164,0.82958984375,0.060546875,0.5,0.0
confirm-w256-s44-shared,256,4,3212800,44,2718,shared,random,False,0.0001,1,1,0.0005572001266255972,0.00021024527469175485,0.005061881151050329,0.005066609475761652,,,0.0,0.0
confirm-w256-s44-shared,256,4,3212800,44,2718,shared,random,False,0.0001,1,3,0.0003156135740507186,0.00021016665629121505,0.0025460729375481606,0.0025483490899205208,,,0.0,0.0
confirm-w256-s44-shared,256,4,3212800,44,2718,shared,random,False,0.0001,1,10,0.00016408777100218168,0.0002099765840500231,0.0007124699768610299,0.0007131642196327448,,,0.0,0.0
confirm-w256-s44-shared,256,4,3212800,44,2718,shared,random,False,0.0001,1,30,0.000125517777431841,0.00020990834802523428,0.00015135042485781014,0.0001515017356723547,,,0.0,0.0
confirm-w256-s44-shared,256,4,3212800,44,2718,shared,random,False,0.0001,1,60,0.00011902855279439343,0.0002098949556223186,4.863331560045481e-05,4.8684280045563355e-05,,,0.0,0.0
confirm-w256-s44-structured,256,4,3212800,44,2718,structured,random,False,0.0001,1,1,0.009162229277797012,0.0034282609466389207,1.959183692932129,1.9744548797607422,,,1.0,0.0
confirm-w256-s44-structured,256,4,3212800,44,2718,structured,random,False,0.0001,1,3,0.018387186669862554,0.011782163623419346,1.76625657081604,1.8207753896713257,,,1.0,0.0
confirm-w256-s44-structured,256,4,3212800,44,2718,structured,random,False,0.0001,1,10,0.04168015500408512,0.03334212910756475,1.2678686380386353,1.4066996574401855,,,1.0,0.0
confirm-w256-s44-structured,256,4,3212800,44,2718,structured,random,False,0.0001,1,30,0.01782144649224785,0.013790714822510885,0.10655366629362106,0.446972519159317,,,0.0,0.0
confirm-w256-s44-structured,256,4,3212800,44,2718,structured,random,False,0.0001,1,60,0.0029858993356167594,0.00026798340661470074,0.0037919110618531704,0.22038662433624268,,,0.0,0.0
confirm-w64-s42-mixed,64,2,113408,42,2718,mixed,random,False,0.0001,1,1,0.012334231701686293,0.0,2.4236392974853516,2.427194595336914,0.05908203125,0.0595703125,1.0,0.0
confirm-w64-s42-mixed,64,2,113408,42,2718,mixed,random,False,0.0001,1,3,0.018483900204854138,0.0018137327115117603,2.364938259124756,2.3839502334594727,0.05908203125,0.0595703125,1.0,0.0
confirm-w64-s42-mixed,64,2,113408,42,2718,mixed,random,False,0.0001,1,10,0.032529657863416994,0.008987502559860066,2.2570550441741943,2.30470871925354,0.05908203125,0.0595703125,1.0,0.0
confirm-w64-s42-mixed,64,2,113408,42,2718,mixed,random,False,0.0001,1,30,0.03205068897750063,0.011050368935881637,2.0189194679260254,2.080204963684082,0.05810546875,0.0576171875,1.0,0.0
confirm-w64-s42-mixed,64,2,113408,42,2718,mixed,random,False,0.0001,1,60,0.12300971398354947,0.0586717399989979,1.924687385559082,2.2158970832824707,0.14013671875,0.0517578125,1.0,0.0
confirm-w64-s42-shared,64,2,113408,42,2718,shared,random,False,0.0001,1,1,0.00024728154955245586,0.00012340821579679022,0.20610123872756958,0.2059212476015091,,,0.0,0.0
confirm-w64-s42-shared,64,2,113408,42,2718,shared,random,False,0.0001,1,3,0.00011132800135824151,0.00012255059324310294,0.1663697361946106,0.1662195771932602,,,0.0,0.0
confirm-w64-s42-shared,64,2,113408,42,2718,shared,random,False,0.0001,1,10,5.787557846681363e-05,0.00012063635695292054,0.08997991681098938,0.08989699184894562,,,0.0,0.0
confirm-w64-s42-shared,64,2,113408,42,2718,shared,random,False,0.0001,1,30,1.945920606119845e-05,0.00011802693285526108,0.02941177226603031,0.02938917838037014,,,0.0,0.0
confirm-w64-s42-shared,64,2,113408,42,2718,shared,random,False,0.0001,1,60,6.963572372123648e-06,0.00011700386670628792,0.01119049172848463,0.011183148249983788,,,0.0,0.0
confirm-w64-s42-structured,64,2,113408,42,2718,structured,random,False,0.0001,1,1,0.016374333817791964,0.0011236645908654147,2.0233473777770996,2.0322439670562744,,,1.0,0.0
confirm-w64-s42-structured,64,2,113408,42,2718,structured,random,False,0.0001,1,3,0.026987333327488407,0.0042853758436049005,1.9127579927444458,1.9456682205200195,,,1.0,0.0
confirm-w64-s42-structured,64,2,113408,42,2718,structured,random,False,0.0001,1,10,0.035662038376247845,0.007851858747647458,1.7732782363891602,1.8202766180038452,,,1.0,0.0
confirm-w64-s42-structured,64,2,113408,42,2718,structured,random,False,0.0001,1,30,0.039968360872850245,0.011597921265029829,1.5293114185333252,1.5968561172485352,,,1.0,0.0
confirm-w64-s42-structured,64,2,113408,42,2718,structured,random,False,0.0001,1,60,0.12464016887653197,0.04600603245248834,1.2754104137420654,1.548902153968811,,,1.0,0.00390625
confirm-w64-s43-mixed,64,2,113408,43,2718,mixed,random,False,0.0001,1,1,0.0075629419412955555,0.0026546916727023667,2.430912971496582,2.429774045944214,0.05908203125,0.0595703125,1.0,0.0
confirm-w64-s43-mixed,64,2,113408,43,2718,mixed,random,False,0.0001,1,3,0.015359420634134747,0.0060377668058749934,2.3647096157073975,2.385550022125244,0.05908203125,0.0595703125,1.0,0.0
confirm-w64-s43-mixed,64,2,113408,43,2718,mixed,random,False,0.0001,1,10,0.03278302107087798,0.013922848275356444,2.2890806198120117,2.3343570232391357,0.05908203125,0.0595703125,1.0,0.0
confirm-w64-s43-mixed,64,2,113408,43,2718,mixed,random,False,0.0001,1,30,0.03486145792444702,0.01687142062212657,2.0448334217071533,2.111370086669922,0.0595703125,0.0595703125,1.0,0.0
confirm-w64-s43-mixed,64,2,113408,43,2718,mixed,random,False,0.0001,1,60,0.1387244680697569,0.0700839577481802,1.944974422454834,2.270381450653076,0.15771484375,0.060546875,1.0,0.0
confirm-w64-s43-shared,64,2,113408,43,2718,shared,random,False,0.0001,1,1,9.538167107542658e-05,0.0002367867438233906,0.20277059078216553,0.2029336541891098,,,0.0,0.0
confirm-w64-s43-shared,64,2,113408,43,2718,shared,random,False,0.0001,1,3,4.247320635522376e-05,0.00023467441909899255,0.16297100484371185,0.16310763359069824,,,0.0,0.0
confirm-w64-s43-shared,64,2,113408,43,2718,shared,random,False,0.0001,1,10,5.248408680104432e-05,0.00023163493222011868,0.08695647120475769,0.0870353952050209,,,0.0,0.0
confirm-w64-s43-shared,64,2,113408,43,2718,shared,random,False,0.0001,1,30,3.716592773588937e-05,0.00022855313657754096,0.028188006952404976,0.02821291610598564,,,0.0,0.0
confirm-w64-s43-shared,64,2,113408,43,2718,shared,random,False,0.0001,1,60,3.144363044743455e-05,0.00022751603002824214,0.010689757764339447,0.010698872618377209,,,0.0,0.0
confirm-w64-s43-structured,64,2,113408,43,2718,structured,random,False,0.0001,1,1,0.006785478395601769,0.005217299294594999,2.0235140323638916,2.0311849117279053,,,1.0,0.0
confirm-w64-s43-structured,64,2,113408,43,2718,structured,random,False,0.0001,1,3,0.021897253141125103,0.008637158355051487,1.925548791885376,1.9468250274658203,,,1.0,0.0
confirm-w64-s43-structured,64,2,113408,43,2718,structured,random,False,0.0001,1,10,0.03657903022682957,0.01292796109276546,1.8145440816879272,1.8532179594039917,,,1.0,0.0
confirm-w64-s43-structured,64,2,113408,43,2718,structured,random,False,0.0001,1,30,0.04270638995989509,0.017038801242580538,1.5540659427642822,1.6244257688522339,,,1.0,0.0
confirm-w64-s43-structured,64,2,113408,43,2718,structured,random,False,0.0001,1,60,0.131611614663256,0.0522523158360014,1.2936108112335205,1.561855673789978,,,1.0,0.00390625
confirm-w64-s44-mixed,64,2,113408,44,2718,mixed,random,False,0.0001,1,1,0.010800709152875218,0.0001606583329982817,2.442941188812256,2.4523422718048096,0.05908203125,0.0595703125,1.0,0.0
confirm-w64-s44-mixed,64,2,113408,44,2718,mixed,random,False,0.0001,1,3,0.017433479686098312,0.003415409986421332,2.3768374919891357,2.3941280841827393,0.05908203125,0.0595703125,1.0,0.0
confirm-w64-s44-mixed,64,2,113408,44,2718,mixed,random,False,0.0001,1,10,0.03405230594559361,0.011816258092858276,2.272855043411255,2.319943428039551,0.05908203125,0.0595703125,1.0,0.0
confirm-w64-s44-mixed,64,2,113408,44,2718,mixed,random,False,0.0001,1,30,0.03952937690410041,0.016505389843843116,2.0683176517486572,2.1468772888183594,0.05859375,0.060546875,1.0,0.0
confirm-w64-s44-mixed,64,2,113408,44,2718,mixed,random,False,0.0001,1,60,0.14481765166144606,0.07344522368130516,1.9206504821777344,2.24299693107605,0.16357421875,0.0654296875,1.0,0.0
confirm-w64-s44-shared,64,2,113408,44,2718,shared,random,False,0.0001,1,1,0.0007103479983767602,0.0,0.20404650270938873,0.2042444795370102,,,0.0,0.0
confirm-w64-s44-shared,64,2,113408,44,2718,shared,random,False,0.0001,1,3,0.0006212740817433262,0.0,0.16507694125175476,0.1652538925409317,,,0.0,0.0
confirm-w64-s44-shared,64,2,113408,44,2718,shared,random,False,0.0001,1,10,0.0006029498761960732,0.0,0.08902494609355927,0.08912570029497147,,,0.0,0.0
confirm-w64-s44-shared,64,2,113408,44,2718,shared,random,False,0.0001,1,30,0.0006148331494347627,0.0,0.029132844880223274,0.029163308441638947,,,0.0,0.0
confirm-w64-s44-shared,64,2,113408,44,2718,shared,random,False,0.0001,1,60,0.0006239536472032877,0.0,0.011121319606900215,0.011132359504699707,,,0.0,0.0
confirm-w64-s44-structured,64,2,113408,44,2718,structured,random,False,0.0001,1,1,0.017317598548451885,0.0009110399915159333,2.0534119606018066,2.0671732425689697,,,1.0,0.0
confirm-w64-s44-structured,64,2,113408,44,2718,structured,random,False,0.0001,1,3,0.031687014902736094,0.005191791663163683,1.9379894733428955,1.9659314155578613,,,1.0,0.0
confirm-w64-s44-structured,64,2,113408,44,2718,structured,random,False,0.0001,1,10,0.04149839650857709,0.009400441293853683,1.7938733100891113,1.83957040309906,,,1.0,0.0
confirm-w64-s44-structured,64,2,113408,44,2718,structured,random,False,0.0001,1,30,0.05083906839955593,0.014961467887120432,1.5762877464294434,1.6502662897109985,,,1.0,0.0
confirm-w64-s44-structured,64,2,113408,44,2718,structured,random,False,0.0001,1,60,0.11886060666496946,0.04669373215827005,1.2055469751358032,1.471151351928711,,,1.0,0.001953125
duration-cold-random,128,3,621696,42,1729,mixed,random,True,0.0001,1,1,0.004667184913323848,0.004667184913323848,3.7493326663970947,3.7529664039611816,0.06689453125,0.056640625,1.0,0.0
duration-cold-random,128,3,621696,42,1729,mixed,random,True,0.0001,1,3,0.011048311393393708,0.011048311393393708,3.199141263961792,3.218860626220703,0.06591796875,0.0595703125,1.0,0.0
duration-cold-random,128,3,621696,42,1729,mixed,random,True,0.0001,1,10,0.012988713740868924,0.012988713740868924,2.4585044384002686,2.5008485317230225,0.064453125,0.060546875,1.0,0.0
duration-cold-random,128,3,621696,42,1729,mixed,random,True,0.0001,1,30,0.07753224822965575,0.07753224822965575,1.9111789464950562,2.2628438472747803,0.2392578125,0.0703125,1.0,0.0
duration-cold-random,128,3,621696,42,1729,mixed,random,True,0.0001,1,60,0.13228199797135842,0.13228199797135842,1.2406562566757202,2.285588264465332,0.484375,0.080078125,1.0,0.0
duration-cold-random,128,3,621696,42,1729,mixed,random,True,0.0001,1,120,0.03738909359537332,0.03738909359537332,0.2451690137386322,3.0197834968566895,0.8876953125,0.0615234375,0.625,0.0
duration-random,128,3,621696,42,1729,mixed,random,False,0.0001,1,1,0.0006137766502408041,0.0030275972420889027,2.3896372318267822,2.3923192024230957,0.064453125,0.0595703125,1.0,0.0
duration-random,128,3,621696,42,1729,mixed,random,False,0.0001,1,3,0.006381736482557491,0.007804767966384024,2.286248207092285,2.308222770690918,0.064453125,0.0595703125,1.0,0.0
duration-random,128,3,621696,42,1729,mixed,random,False,0.0001,1,10,0.016947815365504146,0.01677429747330443,2.082596778869629,2.1612908840179443,0.06640625,0.0595703125,1.0,0.0
duration-random,128,3,621696,42,1729,mixed,random,False,0.0001,1,30,0.095937389536772,0.08552890303503431,1.8331284523010254,2.2412662506103516,0.18359375,0.080078125,1.0,0.0
duration-random,128,3,621696,42,1729,mixed,random,False,0.0001,1,60,0.1911321332544798,0.17148716821243276,1.4044969081878662,2.6465206146240234,0.462890625,0.0732421875,1.0,0.00390625
duration-random,128,3,621696,42,1729,mixed,random,False,0.0001,1,120,0.06721632750818528,0.06306747245722122,0.4083321690559387,3.3600826263427734,0.8310546875,0.0654296875,0.9375,0.0
duration-uniform,128,3,621696,42,1729,mixed,uniform,False,0.0001,1,1,,,2.380282163619995,2.39064359664917,0.064453125,0.0595703125,1.0,0.0
duration-uniform,128,3,621696,42,1729,mixed,uniform,False,0.0001,1,3,,,2.2369704246520996,2.2794737815856934,0.064453125,0.0595703125,1.0,0.0
duration-uniform,128,3,621696,42,1729,mixed,uniform,False,0.0001,1,10,,,1.8798491954803467,1.9453672170639038,0.064453125,0.0595703125,1.0,0.0
duration-uniform,128,3,621696,42,1729,mixed,uniform,False,0.0001,1,30,,,1.424140214920044,1.8404736518859863,0.13671875,0.0712890625,1.0,0.0
duration-uniform,128,3,621696,42,1729,mixed,uniform,False,0.0001,1,60,,,0.5183403491973877,2.152141809463501,0.64453125,0.0703125,1.0,0.0
duration-uniform,128,3,621696,42,1729,mixed,uniform,False,0.0001,1,120,,,0.02511737495660782,2.668292999267578,0.9931640625,0.0625,1.0,0.0
