"study","study_date","role","target_file","source_path","source_relative","bytes","sha256"
"v01-stage0","2026-09-28","figure","v01-stage0__pattern-learning.png","D:\codex\sequence-weighting-research\outputs\sequence-weighting-pilot\results-local-wsl-20260928\pattern-learning.png","outputs/sequence-weighting-pilot/results-local-wsl-20260928/pattern-learning.png","74852","d0d7a95c503f20175e7db0019e9dde8a138d498df498905a7ddd0927e8b16b6f"
"v01-stage0","2026-09-28","figure","v01-stage0__pattern-learning.svg","D:\codex\sequence-weighting-research\outputs\sequence-weighting-pilot\results-local-wsl-20260928\pattern-learning.svg","outputs/sequence-weighting-pilot/results-local-wsl-20260928/pattern-learning.svg","38189","fa2949643700c8b06e334e72c8cac5de65b0c0c3503a5664ea5c71e47c29df5f"
"v01-stage0","2026-09-28","figure","v01-stage0__pilot-curves.png","D:\codex\sequence-weighting-research\outputs\sequence-weighting-pilot\results-local-wsl-20260928\pilot-curves.png","outputs/sequence-weighting-pilot/results-local-wsl-20260928/pilot-curves.png","125742","dea7f37ffb8f77ede194b5c86d5603704fb3c6c5bbf6c7e39d7746bae8899673"
"v01-stage0","2026-09-28","figure","v01-stage0__pilot-curves.svg","D:\codex\sequence-weighting-research\outputs\sequence-weighting-pilot\results-local-wsl-20260928\pilot-curves.svg","outputs/sequence-weighting-pilot/results-local-wsl-20260928/pilot-curves.svg","57021","38c86b3e0d887768e7283a055d9451bee88768a6dc1ec5b06a50aae141e8a41e"
"v01-stage0","2026-09-28","existing_data_table","v01-stage0__summary.json","D:\codex\sequence-weighting-research\outputs\sequence-weighting-pilot\results-local-wsl-20260928\summary.json","outputs/sequence-weighting-pilot/results-local-wsl-20260928/summary.json","1857","85b22f12f704c1fb1fbba8be3ac4de1096110e481d4ffc98ed984e641074cd52"
"v02-stage1","2026-09-28","existing_data_table","v02-stage1__all-checkpoints.csv","D:\codex\sequence-weighting-research\outputs\sequence-weighting-pilot\results-mechanism-v02\all-checkpoints.csv","outputs/sequence-weighting-pilot/results-mechanism-v02/all-checkpoints.csv","41278","4bc00923d085be49c13feb6a1c280bd1cacc0c232323fd76d60f641423f3c332"
"v02-stage1","2026-09-28","figure","v02-stage1__calibration.png","D:\codex\sequence-weighting-research\outputs\sequence-weighting-pilot\results-mechanism-v02\calibration.png","outputs/sequence-weighting-pilot/results-mechanism-v02/calibration.png","81288","2e895e2e47ff12aa2eb80fbe9eefd41cf41d378d8d1551da3b78860655b8625e"
"v02-stage1","2026-09-28","figure","v02-stage1__capacity-curves.png","D:\codex\sequence-weighting-research\outputs\sequence-weighting-pilot\results-mechanism-v02\capacity-curves.png","outputs/sequence-weighting-pilot/results-mechanism-v02/capacity-curves.png","108591","a3c20fb12bc795cccd3ebb033154a98bfaed9edaaf0f3702fb31e8920142f15f"
"v02-stage1","2026-09-28","figure","v02-stage1__duration-diagnostics.png","D:\codex\sequence-weighting-research\outputs\sequence-weighting-pilot\results-mechanism-v02\duration-diagnostics.png","outputs/sequence-weighting-pilot/results-mechanism-v02/duration-diagnostics.png","175152","4e92c93880f711fc43312512441f70bd5dff94d7dd4bab1b984f20db35d0f38c"
"v02-stage1","2026-09-28","figure","v02-stage1__gain-fit.png","D:\codex\sequence-weighting-research\outputs\sequence-weighting-pilot\results-mechanism-v02\gain-fit.png","outputs/sequence-weighting-pilot/results-mechanism-v02/gain-fit.png","133482","a4395f70e6daa7210fdac9170fb77fb62b64e0044e2aa6ae49fb0c193af531f0"
"v02-stage1","2026-09-28","existing_data_table","v02-stage1__summary.json","D:\codex\sequence-weighting-research\outputs\sequence-weighting-pilot\results-mechanism-v02\summary.json","outputs/sequence-weighting-pilot/results-mechanism-v02/summary.json","7243","6a6103fa8446d402a4c5bd4d8cda1aa9f7eabedc105e152ec7a8a780e1dc111c"
"v02-stage1","2026-09-28","figure","v02-stage1__text-check.png","D:\codex\sequence-weighting-research\outputs\sequence-weighting-pilot\results-mechanism-v02\text-check.png","outputs/sequence-weighting-pilot/results-mechanism-v02/text-check.png","90154","c42b885c8a68b3f3effec5d8374625591f4848888b1185a37d79529988f1151f"
"v02-stage1","2026-09-28","existing_data_table","v02-stage1__text-summary.json","D:\codex\sequence-weighting-research\outputs\sequence-weighting-pilot\results-mechanism-v02\text-summary.json","outputs/sequence-weighting-pilot/results-mechanism-v02/text-summary.json","11032","c0e3cede9a50813ea6cede178db91bd1afb10e7f59c11f55f1da4fb6c4fa1d8d"
"v03-stage2","2026-09-28","existing_data_table","v03-stage2__all-checkpoints.csv","D:\codex\sequence-weighting-research\outputs\sequence-weighting-stage2\results-generalization-v03-20260928-01-r2\all-checkpoints.csv","outputs/sequence-weighting-stage2/results-generalization-v03-20260928-01-r2/all-checkpoints.csv","732875","64f2210a0ea95ed57778a6ec734567808a984187681144322fc7b617711fd999"
"v03-stage2","2026-09-28","figure","v03-stage2__gain-fit.png","D:\codex\sequence-weighting-research\outputs\sequence-weighting-stage2\results-generalization-v03-20260928-01-r2\gain-fit.png","outputs/sequence-weighting-stage2/results-generalization-v03-20260928-01-r2/gain-fit.png","125706","8c6c3531323a251afef7e13e569973799ce8c86ef0bd0376649414fb45c6b5e8"
"v03-stage2","2026-09-28","existing_data_table","v03-stage2__paired-contrasts.csv","D:\codex\sequence-weighting-research\outputs\sequence-weighting-stage2\results-generalization-v03-20260928-01-r2\paired-contrasts.csv","outputs/sequence-weighting-stage2/results-generalization-v03-20260928-01-r2/paired-contrasts.csv","1454","97bc439980d60f242fd8b823d3b4103754576a0b3152298819cda55b9ce14c6a"
"v03-stage2","2026-09-28","figure","v03-stage2__paired-contrasts.png","D:\codex\sequence-weighting-research\outputs\sequence-weighting-stage2\results-generalization-v03-20260928-01-r2\paired-contrasts.png","outputs/sequence-weighting-stage2/results-generalization-v03-20260928-01-r2/paired-contrasts.png","77423","73378a9d044ddae312c73220102631fde6fda202ca6e3bdb3c697a90d391fde7"
"v03-stage2","2026-09-28","existing_data_table","v03-stage2__selected-checkpoints.csv","D:\codex\sequence-weighting-research\outputs\sequence-weighting-stage2\results-generalization-v03-20260928-01-r2\selected-checkpoints.csv","outputs/sequence-weighting-stage2/results-generalization-v03-20260928-01-r2/selected-checkpoints.csv","46720","18c035555c390bedf352e7b1de25b24243516e82fb05bdf6b10434c10eb632c6"
"v03-stage2","2026-09-28","figure","v03-stage2__selected-policy.png","D:\codex\sequence-weighting-research\outputs\sequence-weighting-stage2\results-generalization-v03-20260928-01-r2\selected-policy.png","outputs/sequence-weighting-stage2/results-generalization-v03-20260928-01-r2/selected-policy.png","206143","052e66a940dedd6966be5f33c2e36ffc4cf1fe286d39a327ffbcb9b466654701"
"v03-stage2","2026-09-28","figure","v03-stage2__trajectories.png","D:\codex\sequence-weighting-research\outputs\sequence-weighting-stage2\results-generalization-v03-20260928-01-r2\trajectories.png","outputs/sequence-weighting-stage2/results-generalization-v03-20260928-01-r2/trajectories.png","190796","3fb9f336826bfeba0704bfab28e4b9073e0a8e7b170620ecbfc9303c01108092"
"v04-stage3","2026-09-29","existing_data_table","v04-stage3__all-checkpoints.csv","D:\codex\sequence-weighting-research\outputs\sequence-weighting-stage3\results-controls-v04-20260929-01\all-checkpoints.csv","outputs/sequence-weighting-stage3/results-controls-v04-20260929-01/all-checkpoints.csv","316076","8a34e542709d5a074c0a42206db25d03fbf9f8fb54ccef19a28448f1e309ad0d"
"v04-stage3","2026-09-29","existing_data_table","v04-stage3__baseline-components.csv","D:\codex\sequence-weighting-research\outputs\sequence-weighting-stage3\results-controls-v04-20260929-01\baseline-components.csv","outputs/sequence-weighting-stage3/results-controls-v04-20260929-01/baseline-components.csv","7842","d6d9c7b5630ff9b9e3007ceffa04e74a1fb89d49036c8b30c613b4cd0b8a2034"
"v04-stage3","2026-09-29","figure","v04-stage3__baseline-components.png","D:\codex\sequence-weighting-research\outputs\sequence-weighting-stage3\results-controls-v04-20260929-01\baseline-components.png","outputs/sequence-weighting-stage3/results-controls-v04-20260929-01/baseline-components.png","79189","f2d7e704d4bee1d499b41fbaf5ca12e7dc5ba34453de6b605f9572867710b5c7"
"v04-stage3","2026-09-29","existing_data_table","v04-stage3__diagnostics.csv","D:\codex\sequence-weighting-research\outputs\sequence-weighting-stage3\results-controls-v04-20260929-01\diagnostics.csv","outputs/sequence-weighting-stage3/results-controls-v04-20260929-01/diagnostics.csv","1044304","4ea33b82e66012661f7ec92ce5677395d39ef08dea87b59db459d5d8030dc140"
"v04-stage3","2026-09-29","figure","v04-stage3__optimizer-duration.png","D:\codex\sequence-weighting-research\outputs\sequence-weighting-stage3\results-controls-v04-20260929-01\optimizer-duration.png","outputs/sequence-weighting-stage3/results-controls-v04-20260929-01/optimizer-duration.png","107120","6726a63bb6123276be0d755ee49092af2787d619ac3c56244f3694de347ed96d"
"v04-stage3","2026-09-29","existing_data_table","v04-stage3__per-capacity-effects.csv","D:\codex\sequence-weighting-research\outputs\sequence-weighting-stage3\results-controls-v04-20260929-01\per-capacity-effects.csv","outputs/sequence-weighting-stage3/results-controls-v04-20260929-01/per-capacity-effects.csv","168651","6f48f1c903e157d7dd78e412305f3c0b87aa9499896826aa5df33f35653d6f1d"
"v04-stage3","2026-09-29","existing_data_table","v04-stage3__policy-cells.csv","D:\codex\sequence-weighting-research\outputs\sequence-weighting-stage3\results-controls-v04-20260929-01\policy-cells.csv","outputs/sequence-weighting-stage3/results-controls-v04-20260929-01/policy-cells.csv","585107","5b6356db8e68eae16ec00b7b271c6799bbae44292160ab93289c80f6a314f832"
"v04-stage3","2026-09-29","figure","v04-stage3__selection-objective.png","D:\codex\sequence-weighting-research\outputs\sequence-weighting-stage3\results-controls-v04-20260929-01\selection-objective.png","outputs/sequence-weighting-stage3/results-controls-v04-20260929-01/selection-objective.png","159836","e4d06937f41cf1acda2ffb30ee5af5c9cafd6be8a9f1e1e37537564f57dbb499"
"v04-stage3","2026-09-29","figure","v04-stage3__trajectories.png","D:\codex\sequence-weighting-research\outputs\sequence-weighting-stage3\results-controls-v04-20260929-01\trajectories.png","outputs/sequence-weighting-stage3/results-controls-v04-20260929-01/trajectories.png","174935","30f3ee40fe9ac4d0a20ea2bca071746a511c10c8b887b03bb9b6633bc8886c8b"
"v05-stage4","2026-09-29","existing_data_table","v05-stage4__all-checkpoints.csv","D:\codex\sequence-weighting-research\outputs\sequence-weighting-stage4\results-baseline-v05-20260929-01-r2\all-checkpoints.csv","outputs/sequence-weighting-stage4/results-baseline-v05-20260929-01-r2/all-checkpoints.csv","1147648","ad1237745c01482e3c903abe04e4108cd1f24b42bf232d6502281d9cedccc77c"
"v05-stage4","2026-09-29","existing_data_table","v05-stage4__baseline-records.csv","D:\codex\sequence-weighting-research\outputs\sequence-weighting-stage4\results-baseline-v05-20260929-01-r2\baseline-records.csv","outputs/sequence-weighting-stage4/results-baseline-v05-20260929-01-r2/baseline-records.csv","30276","b54aae76dd159fe07ec4254a1cd15a217b922b19368e5032e45b923e43f30840"
"v05-stage4","2026-09-29","figure","v05-stage4__baseline.png","D:\codex\sequence-weighting-research\outputs\sequence-weighting-stage4\results-baseline-v05-20260929-01-r2\baseline.png","outputs/sequence-weighting-stage4/results-baseline-v05-20260929-01-r2/baseline.png","119175","ea0dd6272f8d067e2de257ce6b9d8790a3520157f7f84a355f5cc157344018b3"
"v05-stage4","2026-09-29","existing_data_table","v05-stage4__diagnostics.csv","D:\codex\sequence-weighting-research\outputs\sequence-weighting-stage4\results-baseline-v05-20260929-01-r2\diagnostics.csv","outputs/sequence-weighting-stage4/results-baseline-v05-20260929-01-r2/diagnostics.csv","1306464","a32cfe3586dbdd4499cf04ef201de61e38e1616dd408e4a61799e915f1514df8"
"v05-stage4","2026-09-29","figure","v05-stage4__matched.png","D:\codex\sequence-weighting-research\outputs\sequence-weighting-stage4\results-baseline-v05-20260929-01-r2\matched.png","outputs/sequence-weighting-stage4/results-baseline-v05-20260929-01-r2/matched.png","92747","b694905e39f987b2f23144111d6fc946367ad97ffdc50ae4aab2e6d653690609"
"v05-stage4","2026-09-29","existing_data_table","v05-stage4__per-capacity-effects.csv","D:\codex\sequence-weighting-research\outputs\sequence-weighting-stage4\results-baseline-v05-20260929-01-r2\per-capacity-effects.csv","outputs/sequence-weighting-stage4/results-baseline-v05-20260929-01-r2/per-capacity-effects.csv","501517","a77cb03560a39b218def9a49881adc5902ce261a173874b06428bd5134615c1e"
"v05-stage4","2026-09-29","existing_data_table","v05-stage4__policy-cells.csv","D:\codex\sequence-weighting-research\outputs\sequence-weighting-stage4\results-baseline-v05-20260929-01-r2\policy-cells.csv","outputs/sequence-weighting-stage4/results-baseline-v05-20260929-01-r2/policy-cells.csv","1021321","5f263c751e32d8cf89f574f6f65126255316c5d1b360babbdd50bf1b9106513d"
"v05-stage4","2026-09-29","existing_data_table","v05-stage4__reference-capacity-effects.csv","D:\codex\sequence-weighting-research\outputs\sequence-weighting-stage4\results-baseline-v05-20260929-01-r2\reference-capacity-effects.csv","outputs/sequence-weighting-stage4/results-baseline-v05-20260929-01-r2/reference-capacity-effects.csv","22717","994b4c772b7613b623f3f45449cb0108cf02bd4135702cd75537117da41b2c96"
"v05-stage4","2026-09-29","existing_data_table","v05-stage4__reference-sensitivity.csv","D:\codex\sequence-weighting-research\outputs\sequence-weighting-stage4\results-baseline-v05-20260929-01-r2\reference-sensitivity.csv","outputs/sequence-weighting-stage4/results-baseline-v05-20260929-01-r2/reference-sensitivity.csv","31849","3b91854044095e6776e25ee18d1e0bfbefd2632cd79a8c28644a69353e0d75e3"
"v05-stage4","2026-09-29","figure","v05-stage4__reference.png","D:\codex\sequence-weighting-research\outputs\sequence-weighting-stage4\results-baseline-v05-20260929-01-r2\reference.png","outputs/sequence-weighting-stage4/results-baseline-v05-20260929-01-r2/reference.png","134813","a8a182f0563769ac8051d620c6b3fda5327273f579d978470e9080d95cf1bd9a"
"v05-stage4","2026-09-29","figure","v05-stage4__selected.png","D:\codex\sequence-weighting-research\outputs\sequence-weighting-stage4\results-baseline-v05-20260929-01-r2\selected.png","outputs/sequence-weighting-stage4/results-baseline-v05-20260929-01-r2/selected.png","145373","4088d04c5595ab6e9d891d3f4d5ea39f9d755bd3411fa8eadc0ffb3480773c62"
"v06-stage5","2026-09-29","existing_data_table","v06-stage5__all-checkpoints.csv","D:\codex\sequence-weighting-research\outputs\sequence-weighting-stage5\results-utility-v06-20260929-01-r1\all-checkpoints.csv","outputs/sequence-weighting-stage5/results-utility-v06-20260929-01-r1/all-checkpoints.csv","930301","f66758653b35b7bbaaaff1f956e88ebee28821a159a10bbf07a6266ca2c98a22"
"v06-stage5","2026-09-29","figure","v06-stage5__baseline.png","D:\codex\sequence-weighting-research\outputs\sequence-weighting-stage5\results-utility-v06-20260929-01-r1\baseline.png","outputs/sequence-weighting-stage5/results-utility-v06-20260929-01-r1/baseline.png","117941","2c31ebdf4058f105d1be6e6efb1bb86f170704465f8afee62947847e90179f66"
"v06-stage5","2026-09-29","existing_data_table","v06-stage5__canonical-initial.csv","D:\codex\sequence-weighting-research\outputs\sequence-weighting-stage5\results-utility-v06-20260929-01-r1\canonical-initial.csv","outputs/sequence-weighting-stage5/results-utility-v06-20260929-01-r1/canonical-initial.csv","25851","15fcdf9c2add931c7239b67c692a37186ccc00c24644667dcf6d03e6772e10c0"
"v06-stage5","2026-09-29","existing_data_table","v06-stage5__diagnostics.csv","D:\codex\sequence-weighting-research\outputs\sequence-weighting-stage5\results-utility-v06-20260929-01-r1\diagnostics.csv","outputs/sequence-weighting-stage5/results-utility-v06-20260929-01-r1/diagnostics.csv","525430","19f3abbff70c2884ce0d295b321d2d922d0211a0f0610984e42f6e81ea7fa04f"
"v06-stage5","2026-09-29","existing_data_table","v06-stage5__policy-cells.csv","D:\codex\sequence-weighting-research\outputs\sequence-weighting-stage5\results-utility-v06-20260929-01-r1\policy-cells.csv","outputs/sequence-weighting-stage5/results-utility-v06-20260929-01-r1/policy-cells.csv","140982","5af557a99e92905ffa85a928e394b1754425192d2da8308c43292bad633db1e2"
"v06-stage5","2026-09-29","figure","v06-stage5__selected-fits.png","D:\codex\sequence-weighting-research\outputs\sequence-weighting-stage5\results-utility-v06-20260929-01-r1\selected-fits.png","outputs/sequence-weighting-stage5/results-utility-v06-20260929-01-r1/selected-fits.png","135966","d9cc8abb051ea2c6db66976abcf1876105745d9b98e89ae64ae62dfea4c644e3"
"v06-stage5","2026-09-29","figure","v06-stage5__selection.png","D:\codex\sequence-weighting-research\outputs\sequence-weighting-stage5\results-utility-v06-20260929-01-r1\selection.png","outputs/sequence-weighting-stage5/results-utility-v06-20260929-01-r1/selection.png","105156","5dbebe606d0a65f95fb1f7109580c92b16262a10ef508b0b2dd23d4ed22c70b5"
"v06-stage5","2026-09-29","figure","v06-stage5__utility.png","D:\codex\sequence-weighting-research\outputs\sequence-weighting-stage5\results-utility-v06-20260929-01-r1\utility.png","outputs/sequence-weighting-stage5/results-utility-v06-20260929-01-r1/utility.png","201259","20597e46d8d63fd2c8e2e7c398981010aff7940976809ab919aede6b24616f2d"
"v07-stage6","2026-09-29","existing_data_table","v07-stage6__all-checkpoints.csv","D:\codex\sequence-weighting-research\outputs\sequence-weighting-stage6\results-stability-v07-20260929-01\all-checkpoints.csv","outputs/sequence-weighting-stage6/results-stability-v07-20260929-01/all-checkpoints.csv","2412064","949b1647285371a08d4f280847e6d9e8b172ce1461ac8a51eef30978f8d91d24"
"v07-stage6","2026-09-29","existing_data_table","v07-stage6__canonical-initial.csv","D:\codex\sequence-weighting-research\outputs\sequence-weighting-stage6\results-stability-v07-20260929-01\canonical-initial.csv","outputs/sequence-weighting-stage6/results-stability-v07-20260929-01/canonical-initial.csv","26013","c3abd815ee8d869a42138263e84ea29675b977ad8c5de0524034ab7282789be8"
"v07-stage6","2026-09-29","figure","v07-stage6__crossed-gains.png","D:\codex\sequence-weighting-research\outputs\sequence-weighting-stage6\results-stability-v07-20260929-01\crossed-gains.png","outputs/sequence-weighting-stage6/results-stability-v07-20260929-01/crossed-gains.png","138058","a626fddd29ff4a9004730038e14bd0fbe31a925d279de02c69e05a9517423211"
"v07-stage6","2026-09-29","existing_data_table","v07-stage6__crossed-matrix.csv","D:\codex\sequence-weighting-research\outputs\sequence-weighting-stage6\results-stability-v07-20260929-01\crossed-matrix.csv","outputs/sequence-weighting-stage6/results-stability-v07-20260929-01/crossed-matrix.csv","250870","c043a8ccf8468477e8856e56462cafd889c4061382054b69dabacc7e5448c51b"
"v07-stage6","2026-09-29","existing_data_table","v07-stage6__diagnostics.csv","D:\codex\sequence-weighting-research\outputs\sequence-weighting-stage6\results-stability-v07-20260929-01\diagnostics.csv","outputs/sequence-weighting-stage6/results-stability-v07-20260929-01/diagnostics.csv","784736","361befbe5b4d2c581705b06b3d9851b089a496a7f08dc8383c9a5d5419ac74ab"
"v07-stage6","2026-09-29","existing_data_table","v07-stage6__policy-cells.csv","D:\codex\sequence-weighting-research\outputs\sequence-weighting-stage6\results-stability-v07-20260929-01\policy-cells.csv","outputs/sequence-weighting-stage6/results-stability-v07-20260929-01/policy-cells.csv","557923","09b9ff4255d0adee7a93e7eefb7cb15c5dd2a994453aecacb8214b5b66e05005"
"v07-stage6","2026-09-29","figure","v07-stage6__selected-fits.png","D:\codex\sequence-weighting-research\outputs\sequence-weighting-stage6\results-stability-v07-20260929-01\selected-fits.png","outputs/sequence-weighting-stage6/results-stability-v07-20260929-01/selected-fits.png","156118","21e4e9f8c01e8b338357d7319a8e1799e4df1c2be6ec57e241f8656ed5ef8e4c"
"v07-stage6","2026-09-29","figure","v07-stage6__selection-panels.png","D:\codex\sequence-weighting-research\outputs\sequence-weighting-stage6\results-stability-v07-20260929-01\selection-panels.png","outputs/sequence-weighting-stage6/results-stability-v07-20260929-01/selection-panels.png","187862","79e0aa43449152ad1408b1305fdcf06c8bf2ba27247f7b35bc21bba51d1de396"
"v07-stage6","2026-09-29","figure","v07-stage6__utility-panels.png","D:\codex\sequence-weighting-research\outputs\sequence-weighting-stage6\results-stability-v07-20260929-01\utility-panels.png","outputs/sequence-weighting-stage6/results-stability-v07-20260929-01/utility-panels.png","177347","e353973d746e7a87a2332a1e24e6825d64c16d93e1910788e671549be76c6c4a"
"v08-stage7","2026-09-30","figure","v08-stage7__cancellation.png","D:\codex\sequence-weighting-research\outputs\sequence-weighting-stage7\results-estimator-v08-20260930-01-r1\cancellation.png","outputs/sequence-weighting-stage7/results-estimator-v08-20260930-01-r1/cancellation.png","343987","fdf765c58c1472e7e754a4c4d21eaa34cc2edffa952a62ac5ad6ddf11c992274"
"v08-stage7","2026-09-30","figure","v08-stage7__recovery.png","D:\codex\sequence-weighting-research\outputs\sequence-weighting-stage7\results-estimator-v08-20260930-01-r1\recovery.png","outputs/sequence-weighting-stage7/results-estimator-v08-20260930-01-r1/recovery.png","161500","548f7e8dc41eed6f9dda0460ba33252f5f84fe7503cd32701644eec3bc49280d"
"v08-stage7","2026-09-30","figure","v08-stage7__scale-invariance.png","D:\codex\sequence-weighting-research\outputs\sequence-weighting-stage7\results-estimator-v08-20260930-01-r1\scale-invariance.png","outputs/sequence-weighting-stage7/results-estimator-v08-20260930-01-r1/scale-invariance.png","349660","7477f15ab89e9bd45b20fef419257468c195777d521da611dd520563f7bfff07"
"v08-stage7","2026-09-30","existing_data_table","v08-stage7__scale-pairs.csv","D:\codex\sequence-weighting-research\outputs\sequence-weighting-stage7\results-estimator-v08-20260930-01-r1\scale-pairs.csv","outputs/sequence-weighting-stage7/results-estimator-v08-20260930-01-r1/scale-pairs.csv","471218","e9d73a1fc5d0947d0cced7cc08f87b4341e9bb5eeda5951629e2f2152c8b42f8"
"v08-stage7","2026-09-30","existing_data_table","v08-stage7__summaries.csv","D:\codex\sequence-weighting-research\outputs\sequence-weighting-stage7\results-estimator-v08-20260930-01-r1\summaries.csv","outputs/sequence-weighting-stage7/results-estimator-v08-20260930-01-r1/summaries.csv","191407","a92e52ba64a6da4a293a3e9bc5cdc5fb322600bcb2bdc4d19c4efed15ba1c843"
"v09-stage8","2026-09-30","figure","v09-stage8__contrast-errors.png","D:\codex\sequence-weighting-research\outputs\sequence-weighting-stage8\results-precision-v09-20260930-01-r2\contrast-errors.png","outputs/sequence-weighting-stage8/results-precision-v09-20260930-01-r2/contrast-errors.png","376390","d18685a8264604bdbee1f123b950a7544d3cba3994ad342ebebb850617d041e1"
"v09-stage8","2026-09-30","figure","v09-stage8__grid-ranking.png","D:\codex\sequence-weighting-research\outputs\sequence-weighting-stage8\results-precision-v09-20260930-01-r2\grid-ranking.png","outputs/sequence-weighting-stage8/results-precision-v09-20260930-01-r2/grid-ranking.png","345943","92dc8f76fa4dd44f32321e20245995de7dc50e10a7e6481c347a5f09c58dc21a"
"v09-stage8","2026-09-30","figure","v09-stage8__reference-regret.png","D:\codex\sequence-weighting-research\outputs\sequence-weighting-stage8\results-precision-v09-20260930-01-r2\reference-regret.png","outputs/sequence-weighting-stage8/results-precision-v09-20260930-01-r2/reference-regret.png","451959","a06e98466ff524571e928c02721c2cfc41ae0799521124f6391a9a5a035a58d8"
"v09-stage8","2026-09-30","existing_data_table","v09-stage8__summaries.csv","D:\codex\sequence-weighting-research\outputs\sequence-weighting-stage8\results-precision-v09-20260930-01-r2\summaries.csv","outputs/sequence-weighting-stage8/results-precision-v09-20260930-01-r2/summaries.csv","244347","0890cebd0e9d668e1e517fc60e14bf75b715f7cfc2a16942b3d95ddc6a6dc310"
"v010-stage9","2026-09-30","figure","v010-stage9__contrast-errors.png","D:\codex\sequence-weighting-research\outputs\sequence-weighting-stage9\results-model-precision-v010-20260930-01-r2\contrast-errors.png","outputs/sequence-weighting-stage9/results-model-precision-v010-20260930-01-r2/contrast-errors.png","148787","1c3ea27859533135966a55ad0f9c9d9916ab9340d66335f5ed4a9531a0ec683a"
"v010-stage9","2026-09-30","figure","v010-stage9__grid-agreement.png","D:\codex\sequence-weighting-research\outputs\sequence-weighting-stage9\results-model-precision-v010-20260930-01-r2\grid-agreement.png","outputs/sequence-weighting-stage9/results-model-precision-v010-20260930-01-r2/grid-agreement.png","108648","b8f077d070010f453ed1cc95e7d2b46287372fe8ee87d5f61a0653452e05bd1e"
"v010-stage9","2026-09-30","figure","v010-stage9__model-context.png","D:\codex\sequence-weighting-research\outputs\sequence-weighting-stage9\results-model-precision-v010-20260930-01-r2\model-context.png","outputs/sequence-weighting-stage9/results-model-precision-v010-20260930-01-r2/model-context.png","170468","ede1f2bfbd902d4befd1659d660a8ae3ee1647a91a3909d48de76a39ce161700"
"v010-stage9","2026-09-30","existing_data_table","v010-stage9__policy-reference-metrics.csv","D:\codex\sequence-weighting-research\outputs\sequence-weighting-stage9\results-model-precision-v010-20260930-01-r2\policy-reference-metrics.csv","outputs/sequence-weighting-stage9/results-model-precision-v010-20260930-01-r2/policy-reference-metrics.csv","1339924","fb6a039ecb8538286a40e3be1053a184aa3b09dd96ccf637fcb6ced2b1a3ccfd"
"v010-stage9","2026-09-30","existing_data_table","v010-stage9__profile-metrics.csv","D:\codex\sequence-weighting-research\outputs\sequence-weighting-stage9\results-model-precision-v010-20260930-01-r2\profile-metrics.csv","outputs/sequence-weighting-stage9/results-model-precision-v010-20260930-01-r2/profile-metrics.csv","598046","34b8c7071d65d211d03fe3bada43233b06d22afe5dd778fd9b049f01b0449093"
"v010-stage9","2026-09-30","existing_data_table","v010-stage9__summaries.csv","D:\codex\sequence-weighting-research\outputs\sequence-weighting-stage9\results-model-precision-v010-20260930-01-r2\summaries.csv","outputs/sequence-weighting-stage9/results-model-precision-v010-20260930-01-r2/summaries.csv","1243069","57e0fd65e39527465861dd0be515a123d00c5850403502b6bba21769dc6f3137"
"v011-stage10","2026-09-30","figure","v011-stage10__cohort-coverage.png","D:\codex\sequence-weighting-research\outputs\sequence-weighting-stage10\results-search-v011-20260930-01\cohort-coverage.png","outputs/sequence-weighting-stage10/results-search-v011-20260930-01/cohort-coverage.png","85344","4c043dced2bf5bdbffb73d2194cde7febb8d75954b3a49a1ad51fff340686038"
"v011-stage10","2026-09-30","existing_data_table","v011-stage10__input-metrics.csv","D:\codex\sequence-weighting-research\outputs\sequence-weighting-stage10\results-search-v011-20260930-01\input-metrics.csv","outputs/sequence-weighting-stage10/results-search-v011-20260930-01/input-metrics.csv","533878","aaaaaf3b9b62f05c1f731aecdb54a97ac92b435fcf16bf8611c73e59814006b8"
"v011-stage10","2026-09-30","figure","v011-stage10__objective-gaps.png","D:\codex\sequence-weighting-research\outputs\sequence-weighting-stage10\results-search-v011-20260930-01\objective-gaps.png","outputs/sequence-weighting-stage10/results-search-v011-20260930-01/objective-gaps.png","114176","289ef0b5a6e75bf9227b726033fe4a58f57487178a82d086c149a838564d153b"
"v011-stage10","2026-09-30","figure","v011-stage10__parameter-differences.png","D:\codex\sequence-weighting-research\outputs\sequence-weighting-stage10\results-search-v011-20260930-01\parameter-differences.png","outputs/sequence-weighting-stage10/results-search-v011-20260930-01/parameter-differences.png","122548","3f763566a2145bca07606be3cf5d03177d089cf1ab2e49929a0d292cb69bc8c7"
"v011-stage10","2026-09-30","existing_data_table","v011-stage10__policy-reference-metrics.csv","D:\codex\sequence-weighting-research\outputs\sequence-weighting-stage10\results-search-v011-20260930-01\policy-reference-metrics.csv","outputs/sequence-weighting-stage10/results-search-v011-20260930-01/policy-reference-metrics.csv","1162653","55df35b324fdac803e2fb33286f0666fca83a72b1c0f95cddbd6591be02b106d"
"v011-stage10","2026-09-30","existing_data_table","v011-stage10__summaries.csv","D:\codex\sequence-weighting-research\outputs\sequence-weighting-stage10\results-search-v011-20260930-01\summaries.csv","outputs/sequence-weighting-stage10/results-search-v011-20260930-01/summaries.csv","1208213","aae288bd9f0ad1fbab439e2a19ca2a5a51dfef85aa2bd0e523cf8a30508d09e3"
"v0128-stage11","2026-10-02","figure","v0128-stage11__group-learning.png","D:\codex\sequence-weighting-research\outputs\sequence-weighting-stage11-v0128\results-analysis-20261002-01\group-learning.png","outputs/sequence-weighting-stage11-v0128/results-analysis-20261002-01/group-learning.png","46224","766108ad3f5b64e4cab5079b97599f6adacbb34e46e6561a9936b5debf99534b"
"v0128-stage11","2026-10-02","figure","v0128-stage11__selected-p.png","D:\codex\sequence-weighting-research\outputs\sequence-weighting-stage11-v0128\results-analysis-20261002-01\selected-p.png","outputs/sequence-weighting-stage11-v0128/results-analysis-20261002-01/selected-p.png","47133","4337803544bab63993a46ffaa828602cb6b4bed52dabe8571843f3560c642df0"
"v0128-stage11","2026-10-02","figure","v0128-stage11__selected-utility.png","D:\codex\sequence-weighting-research\outputs\sequence-weighting-stage11-v0128\results-analysis-20261002-01\selected-utility.png","outputs/sequence-weighting-stage11-v0128/results-analysis-20261002-01/selected-utility.png","43171","cd3083520ecd7e6a09ecc3af65a0a39e53e92f9443cb2651cde5d699f87c4d17"
"v0130","2026-10-03","existing_data_table","v0130__AUDIT_AND_ANALYSIS.json","D:\codex\sequence-weighting-research\outputs\g1-clipping-diagnostic-v0130\results\AUDIT_AND_ANALYSIS.json","outputs/g1-clipping-diagnostic-v0130/results/AUDIT_AND_ANALYSIS.json","411425","2a2d0154d4779c262d5921372db6f73c3cd816c20090c0d7eb22f3a7c055bf64"
"v0131","2026-10-03","existing_data_table","v0131__COMPONENT_TABLE.csv","D:\codex\sequence-weighting-research\outputs\sequence-weighting-weighting-contrast-v0131\results-fixed-policy-v0131-20261003-01\COMPONENT_TABLE.csv","outputs/sequence-weighting-weighting-contrast-v0131/results-fixed-policy-v0131-20261003-01/COMPONENT_TABLE.csv","485","ca389cbca5c32657f46f3fe88c5e1e7322945365dc75546658ea90375bf242e7"
"v0131","2026-10-03","figure","v0131__PAIRED_FIGURE.png","D:\codex\sequence-weighting-research\outputs\sequence-weighting-weighting-contrast-v0131\results-fixed-policy-v0131-20261003-01\PAIRED_FIGURE.png","outputs/sequence-weighting-weighting-contrast-v0131/results-fixed-policy-v0131-20261003-01/PAIRED_FIGURE.png","62527","b09c8381f9029f34947567e43af74d89e00915413963baf9feb48cbbdce7d067"
"v0131","2026-10-03","existing_data_table","v0131__SUMMARY.json","D:\codex\sequence-weighting-research\outputs\sequence-weighting-weighting-contrast-v0131\results-fixed-policy-v0131-20261003-01\SUMMARY.json","outputs/sequence-weighting-weighting-contrast-v0131/results-fixed-policy-v0131-20261003-01/SUMMARY.json","35884","4f2b751aab694fabc3a06c591dc54d85b858e864c440e98c8293e8e57d54d297"
"v0132","2026-10-04","existing_data_table","v0132__CORPUS_CONTRASTS.csv","D:\codex\sequence-weighting-research\outputs\sequence-weighting-factorial-v0132\results-fresh-factorial-v0132-20261004-01\CORPUS_CONTRASTS.csv","outputs/sequence-weighting-factorial-v0132/results-fresh-factorial-v0132-20261004-01/CORPUS_CONTRASTS.csv","531","dc31bbf2c89bd74e80d43ecf80aa6c7d4f1d5cb749400917c3d861b90178daca"
"v0132","2026-10-04","existing_data_table","v0132__CORPUS_SUMMARY.json","D:\codex\sequence-weighting-research\outputs\sequence-weighting-factorial-v0132\results-fresh-factorial-v0132-20261004-01\CORPUS_SUMMARY.json","outputs/sequence-weighting-factorial-v0132/results-fresh-factorial-v0132-20261004-01/CORPUS_SUMMARY.json","1936","2c7398f4cf5e74957997636f28645055909615f44d851e822135357ef04ec627"
"v0133-r1","2026-10-04","existing_data_table","v0133-r1__CORPUS_CONTRASTS.csv","D:\codex\sequence-weighting-research\outputs\sequence-weighting-clipping-interaction-v0133-r1\results-fresh-clipping-interaction-v0133-20261004-02\CORPUS_CONTRASTS.csv","outputs/sequence-weighting-clipping-interaction-v0133-r1/results-fresh-clipping-interaction-v0133-20261004-02/CORPUS_CONTRASTS.csv","521","bc316882e9a49af753d58a84497fbb0044f20ec9ecb972df2088f37a88fa5910"
"v0133-r1","2026-10-04","existing_data_table","v0133-r1__CORPUS_SUMMARY.json","D:\codex\sequence-weighting-research\outputs\sequence-weighting-clipping-interaction-v0133-r1\results-fresh-clipping-interaction-v0133-20261004-02\CORPUS_SUMMARY.json","outputs/sequence-weighting-clipping-interaction-v0133-r1/results-fresh-clipping-interaction-v0133-20261004-02/CORPUS_SUMMARY.json","2587","92f3fa92003ab391b8d64982e97616f2a7e828cd6e2703df8bd258a35615e2b9"
"v0134","2026-10-05","existing_data_table","v0134__COHORT_SUMMARY.json","D:\codex\sequence-weighting-research\outputs\sequence-weighting-gradient-alignment-v0134\results-existing-gradient-panel-v0134-20261004-01\COHORT_SUMMARY.json","outputs/sequence-weighting-gradient-alignment-v0134/results-existing-gradient-panel-v0134-20261004-01/COHORT_SUMMARY.json","25269","5e1c8b81ffcc28f27ff6d6909dedd14ef3163985fa0c2455e412426c9e4fe3e3"
"v0134","2026-10-05","existing_data_table","v0134__CORPUS_SUMMARY.json","D:\codex\sequence-weighting-research\outputs\sequence-weighting-gradient-alignment-v0134\results-existing-gradient-panel-v0134-20261004-01\CORPUS_SUMMARY.json","outputs/sequence-weighting-gradient-alignment-v0134/results-existing-gradient-panel-v0134-20261004-01/CORPUS_SUMMARY.json","21787","21faf0fc99242d23d7870e61ef78396dad9f74a46f576b81ef6fa07164b83f1a"
