name,phase,width,layers,parameters,data_seed,seed,arm,lr,wd,clip,epoch,p,objective,total_gain,negative_gain_fraction,lower_boundary,upper_boundary,train_nll,validation_nll,epoch0_validation_nll,test_nll,shared_accuracy,group_accuracy,instance_accuracy,clipping,p_reason,train_shared_nll,validation_shared_nll,validation_shared_accuracy,test_shared_nll,test_shared_accuracy,train_group_nll,validation_group_nll,validation_group_accuracy,test_group_nll,test_group_accuracy,train_instance_nll,validation_instance_nll,validation_instance_accuracy,test_instance_nll,test_instance_accuracy
confirm-w128-d14142-s201-g12-random,confirm,128,3,621696,14142,201,random,0.0003,0.1,1.0,10,0.04062294033747561,7.179783542625506e-05,1171.2829431295395,0.0,False,False,1.9008067846298218,2.0600078105926514,4.196852684020996,2.063155174255371,0.99853515625,0.154296875,0.1103515625,1.0,,0.16148188710212708,0.17832770943641663,0.99609375,0.1807284951210022,0.99658203125,2.6750097274780273,2.9032692909240723,0.0966796875,2.9426398277282715,0.09423828125,2.8659286499023438,3.098426342010498,0.0625,3.066096782684326,0.05517578125
confirm-w128-d14142-s201-g12-uniform,confirm,128,3,621696,14142,201,uniform,0.0003,0.1,1.0,10,,,1300.8487728834152,0.0,False,False,1.6477484703063965,1.8239469528198242,4.196852684020996,1.8250744342803955,1.0,0.279296875,0.0986328125,0.925,constant_weights,0.05415087938308716,0.059908684343099594,1.0,0.059957921504974365,0.99951171875,2.1477606296539307,2.5447330474853516,0.1533203125,2.5679287910461426,0.1396484375,2.7413337230682373,2.867198944091797,0.05859375,2.847337007522583,0.05712890625
confirm-w128-d14142-s202-g12-random,confirm,128,3,621696,14142,202,random,0.0003,0.1,1.0,10,0.03413372532771493,4.198746595211854e-05,1178.759444952011,0.0,False,False,1.872377872467041,2.0119261741638184,4.168062686920166,2.019139051437378,0.99365234375,0.14404296875,0.1064453125,1.0,,0.1808285117149353,0.21101851761341095,0.9951171875,0.20820900797843933,0.990234375,2.616959571838379,2.825690507888794,0.0888671875,2.852241277694702,0.08544921875,2.819345712661743,2.9990692138671875,0.0537109375,2.99696683883667,0.0654296875
confirm-w128-d14142-s202-g12-uniform,confirm,128,3,621696,14142,202,uniform,0.0003,0.1,1.0,10,,,1283.8914251327515,0.0,False,False,1.6670420169830322,1.8223623037338257,4.168062686920166,1.8154325485229492,1.0,0.2470703125,0.09375,0.9375,constant_weights,0.052421506494283676,0.05705925077199936,1.0,0.05769898742437363,1.0,2.2185096740722656,2.551107883453369,0.1376953125,2.5479226112365723,0.150390625,2.730194568634033,2.858919620513916,0.0732421875,2.8406760692596436,0.05908203125
confirm-w128-d14142-s203-g12-random,confirm,128,3,621696,14142,203,random,0.0003,0.1,1.0,10,0.03071969850997682,4.680607638682438e-05,1176.946993112564,0.0,False,False,1.8740965127944946,2.0218982696533203,4.1767168045043945,2.0247018337249756,0.9931640625,0.1494140625,0.1064453125,0.99375,,0.16311953961849213,0.18706300854682922,0.9931640625,0.18729421496391296,0.99658203125,2.623455762863159,2.826948881149292,0.09765625,2.8513970375061035,0.09814453125,2.83571457862854,3.051682710647583,0.0673828125,3.0354137420654297,0.05859375
confirm-w128-d14142-s203-g12-uniform,confirm,128,3,621696,14142,203,uniform,0.0003,0.1,1.0,10,,,1280.572938323021,0.0,False,False,1.6717021465301514,1.8161765336990356,4.1767168045043945,1.8164809942245483,1.0,0.24755859375,0.09619140625,0.9375,constant_weights,0.05651312321424484,0.06372147798538208,1.0,0.06518319249153137,1.0,2.2248899936676025,2.5065577030181885,0.1455078125,2.5181353092193604,0.1396484375,2.733703374862671,2.87825083732605,0.0673828125,2.8661246299743652,0.05859375
confirm-w128-d14142-s204-g12-random,confirm,128,3,621696,14142,204,random,0.0003,0.1,1.0,10,0.04009426613503385,6.468252698369393e-05,1177.8518682718277,0.0,False,False,1.902213454246521,2.0361928939819336,4.195995330810547,2.039764404296875,0.99462890625,0.14404296875,0.09423828125,0.9875,,0.19868586957454681,0.22179457545280457,0.994140625,0.22488853335380554,0.98974609375,2.6609606742858887,2.8809046745300293,0.08984375,2.8981499671936035,0.07763671875,2.8469934463500977,3.0058789253234863,0.0537109375,2.9962549209594727,0.0634765625
confirm-w128-d14142-s204-g12-uniform,confirm,128,3,621696,14142,204,uniform,0.0003,0.1,1.0,10,,,1288.646918296814,0.0,False,False,1.685816764831543,1.8256186246871948,4.195995330810547,1.8308610916137695,1.0,0.23876953125,0.10498046875,0.91875,constant_weights,0.05474920570850372,0.05945967882871628,1.0,0.06000847369432449,1.0,2.2762248516082764,2.556779146194458,0.1181640625,2.5805585384368896,0.1279296875,2.7264764308929443,2.86061692237854,0.0634765625,2.852015972137451,0.060546875
confirm-w128-d14142-s205-g12-random,confirm,128,3,621696,14142,205,random,0.0003,0.1,1.0,10,0.039184046716622525,7.532423033121916e-05,1174.1901631355286,0.0,False,False,1.9047197103500366,2.083444595336914,4.1951680183410645,2.0818002223968506,0.99560546875,0.14697265625,0.1083984375,0.99375,,0.18382076919078827,0.20487238466739655,0.994140625,0.215997576713562,0.9931640625,2.67708683013916,2.913855791091919,0.087890625,2.9406275749206543,0.08837890625,2.8532516956329346,3.131605625152588,0.064453125,3.088775396347046,0.0595703125
confirm-w128-d14142-s205-g12-uniform,confirm,128,3,621696,14142,205,uniform,0.0003,0.1,1.0,10,,,1294.3957180976868,0.0,False,False,1.6699433326721191,1.8379294872283936,4.1951680183410645,1.8360915184020996,1.0,0.23876953125,0.1025390625,0.9375,constant_weights,0.05710390955209732,0.062434881925582886,1.0,0.06350328028202057,1.0,2.218416213989258,2.570359230041504,0.138671875,2.5683295726776123,0.1376953125,2.734309196472168,2.8809943199157715,0.060546875,2.876441478729248,0.0546875
confirm-w128-d17320-s201-g12-random,confirm,128,3,621696,17320,201,random,0.0003,0.1,1.0,10,0.0328664068202721,6.831876808038645e-05,1150.9493616819382,0.0,False,False,1.8609040975570679,1.99651038646698,4.149825572967529,2.001737594604492,0.9970703125,0.17578125,0.10498046875,1.0,,0.17872729897499084,0.20385655760765076,0.994140625,0.2080381214618683,0.99365234375,2.5914993286132812,2.8100686073303223,0.1162109375,2.810262680053711,0.1240234375,2.812485694885254,2.9756059646606445,0.0615234375,2.9869120121002197,0.05712890625
confirm-w128-d17320-s201-g12-uniform,confirm,128,3,621696,17320,201,uniform,0.0003,0.1,1.0,10,,,1254.2309268712997,0.0,False,False,1.6591821908950806,1.798086404800415,4.149825572967529,1.800984263420105,1.0,0.26220703125,0.09228515625,0.975,constant_weights,0.0507480725646019,0.056698642671108246,1.0,0.05509241670370102,1.0,2.18092679977417,2.5029726028442383,0.177734375,2.5077033042907715,0.17138671875,2.7458715438842773,2.834587812423706,0.06640625,2.8401567935943604,0.0615234375
confirm-w128-d17320-s202-g12-random,confirm,128,3,621696,17320,202,random,0.0003,0.1,1.0,10,0.04551545006719042,3.367084853515974e-05,1113.046928524971,0.0,False,False,1.9199343919754028,2.1147446632385254,4.132170677185059,2.1040215492248535,0.99560546875,0.1767578125,0.0966796875,1.0,,0.1927689015865326,0.2478058785200119,0.9892578125,0.23517465591430664,0.98974609375,2.661349058151245,2.9530959129333496,0.0869140625,2.949326515197754,0.1064453125,2.9056854248046875,3.143332004547119,0.056640625,3.127563714981079,0.05224609375
confirm-w128-d17320-s202-g12-uniform,confirm,128,3,621696,17320,202,uniform,0.0003,0.1,1.0,10,,,1241.928141593933,0.0,False,False,1.6682133674621582,1.8291590213775635,4.132170677185059,1.8343702554702759,1.0,0.24609375,0.10009765625,0.975,constant_weights,0.0536564439535141,0.06260155886411667,1.0,0.05814701318740845,1.0,2.2108399868011475,2.5539207458496094,0.1728515625,2.568485736846924,0.1630859375,2.7401437759399414,2.8709545135498047,0.0546875,2.8764777183532715,0.06298828125
confirm-w128-d17320-s203-g12-random,confirm,128,3,621696,17320,203,random,0.0003,0.1,1.0,10,0.040281113916851186,3.5524953581855034e-05,1138.142446398735,0.0,False,False,1.8667984008789062,2.017636299133301,4.129265785217285,2.0116333961486816,0.99560546875,0.16259765625,0.09423828125,0.99375,,0.17557212710380554,0.21320199966430664,0.9912109375,0.20374615490436554,0.99267578125,2.5812246799468994,2.8246240615844727,0.1044921875,2.82338809967041,0.10693359375,2.8435986042022705,3.0150818824768066,0.0615234375,3.007765769958496,0.05908203125
confirm-w128-d17320-s203-g12-uniform,confirm,128,3,621696,17320,203,uniform,0.0003,0.1,1.0,10,,,1244.9361704587936,0.0,False,False,1.6582168340682983,1.8177986145019531,4.129265785217285,1.8214439153671265,1.0,0.2705078125,0.1044921875,0.98125,constant_weights,0.06213090568780899,0.07188036292791367,0.9990234375,0.06960004568099976,1.0,2.186124086380005,2.524944305419922,0.1689453125,2.539907455444336,0.15625,2.726396083831787,2.8565711975097656,0.0546875,2.8548245429992676,0.06298828125
confirm-w128-d17320-s204-g12-random,confirm,128,3,621696,17320,204,random,0.0003,0.1,1.0,10,0.041323139497019185,6.0484531056912115e-05,1133.8725267648697,0.0,False,False,1.8951565027236938,2.0732603073120117,4.1703877449035645,2.0546622276306152,0.9931640625,0.1650390625,0.0986328125,1.0,,0.20151513814926147,0.2457650899887085,0.98828125,0.24223259091377258,0.98779296875,2.6089894771575928,2.8881821632385254,0.1103515625,2.8497021198272705,0.1083984375,2.874964952468872,3.0858335494995117,0.0625,3.072052001953125,0.05859375
confirm-w128-d17320-s204-g12-uniform,confirm,128,3,621696,17320,204,uniform,0.0003,0.1,1.0,10,,,1252.1650522947311,0.0,False,False,1.664116382598877,1.8272563219070435,4.1703877449035645,1.8274071216583252,1.0,0.251953125,0.0927734375,0.9875,constant_weights,0.048141539096832275,0.05296315625309944,1.0,0.052630484104156494,1.0,2.2113137245178223,2.561357259750366,0.14453125,2.571415424346924,0.154296875,2.7328941822052,2.867448329925537,0.0576171875,2.858175277709961,0.0673828125
confirm-w128-d17320-s205-g12-random,confirm,128,3,621696,17320,205,random,0.0003,0.1,1.0,10,0.041215265253551236,2.5034394656316888e-05,1125.3812407255173,0.0,False,False,1.9094985723495483,2.037033796310425,4.158923149108887,2.01837420463562,0.99169921875,0.15087890625,0.087890625,0.99375,,0.21553166210651398,0.2320968210697174,0.9951171875,0.2450341284275055,0.98681640625,2.6505556106567383,2.8570501804351807,0.0888671875,2.8134641647338867,0.1064453125,2.8624086380004883,3.0219545364379883,0.060546875,2.99662446975708,0.06640625
confirm-w128-d17320-s205-g12-uniform,confirm,128,3,621696,17320,205,uniform,0.0003,0.1,1.0,10,,,1249.8776998519897,0.0,False,False,1.6663415431976318,1.802477478981018,4.158923149108887,1.8136563301086426,1.0,0.2529296875,0.10107421875,0.95625,constant_weights,0.05011078715324402,0.056284286081790924,1.0,0.05543404072523117,1.0,2.2124814987182617,2.5105152130126953,0.150390625,2.543346881866455,0.1513671875,2.7364325523376465,2.840632915496826,0.05859375,2.842188596725464,0.0673828125
confirm-w128-d57721-s201-g12-random,confirm,128,3,621696,57721,201,random,0.0003,0.1,1.0,10,0.036757259630952596,4.717469794052949e-05,1187.505230307579,0.0,False,False,1.8323557376861572,1.9293060302734375,4.148028373718262,1.9479336738586426,0.998046875,0.18212890625,0.09912109375,1.0,,0.16801220178604126,0.19449469447135925,0.99609375,0.19226804375648499,0.9951171875,2.49706768989563,2.6599695682525635,0.1328125,2.6996665000915527,0.1279296875,2.831987142562866,2.9334535598754883,0.076171875,2.9518661499023438,0.06982421875
confirm-w128-d57721-s201-g12-uniform,confirm,128,3,621696,57721,201,uniform,0.0003,0.1,1.0,10,,,1289.839348435402,0.0,False,False,1.6324844360351562,1.7817187309265137,4.148028373718262,1.7837415933609009,1.0,0.302734375,0.08740234375,0.975,constant_weights,0.051691457629203796,0.056866809725761414,1.0,0.055559974163770676,1.0,2.0765392780303955,2.441462516784668,0.1875,2.4406509399414062,0.19091796875,2.7692224979400635,2.8468265533447266,0.068359375,2.855013370513916,0.0625
confirm-w128-d57721-s202-g12-random,confirm,128,3,621696,57721,202,random,0.0003,0.1,1.0,10,0.03323103734970673,5.247997423418639e-05,1162.995856642723,0.0,False,False,1.8705906867980957,2.0095114707946777,4.150486946105957,1.9994561672210693,0.99365234375,0.15673828125,0.08447265625,1.0,,0.18524080514907837,0.2246066927909851,0.9814453125,0.21884173154830933,0.98583984375,2.5547235012054443,2.831835985183716,0.0966796875,2.7735323905944824,0.10498046875,2.87180757522583,2.97209095954895,0.0634765625,3.0059940814971924,0.06982421875
confirm-w128-d57721-s202-g12-uniform,confirm,128,3,621696,57721,202,uniform,0.0003,0.1,1.0,10,,,1279.810580611229,0.0,False,False,1.6424367427825928,1.8108007907867432,4.150486946105957,1.8120737075805664,1.0,0.3046875,0.095703125,0.94375,constant_weights,0.05418159440159798,0.061027608811855316,1.0,0.05976098030805588,1.0,2.1195156574249268,2.517212390899658,0.2001953125,2.5084192752838135,0.193359375,2.7536134719848633,2.8541626930236816,0.064453125,2.868041515350342,0.060546875
confirm-w128-d57721-s203-g12-random,confirm,128,3,621696,57721,203,random,0.0003,0.1,1.0,10,0.04439735383875999,1.684808195399093e-05,1164.6832829713821,0.0,False,False,1.8621641397476196,1.9894068241119385,4.1458330154418945,2.0032663345336914,0.994140625,0.1865234375,0.087890625,1.0,,0.18107908964157104,0.20493564009666443,0.9931640625,0.19944480061531067,0.9951171875,2.5451462268829346,2.764270544052124,0.13671875,2.7920517921447754,0.125,2.86026668548584,2.999014139175415,0.0634765625,3.0183024406433105,0.06201171875
confirm-w128-d57721-s203-g12-uniform,confirm,128,3,621696,57721,203,uniform,0.0003,0.1,1.0,10,,,1279.20032787323,0.0,False,False,1.6384979486465454,1.8084475994110107,4.1458330154418945,1.8015527725219727,1.0,0.30810546875,0.08935546875,0.9625,constant_weights,0.05750935524702072,0.0655168890953064,1.0,0.06176488846540451,1.0,2.1019883155822754,2.5174577236175537,0.193359375,2.486260175704956,0.1923828125,2.7559964656829834,2.8423681259155273,0.0732421875,2.856632709503174,0.0654296875
confirm-w128-d57721-s204-g12-random,confirm,128,3,621696,57721,204,random,0.0003,0.1,1.0,10,0.03126210902393463,3.3857242677955474e-05,1170.4865590333939,0.0,False,False,1.8611385822296143,1.9992516040802002,4.143102169036865,1.9920028448104858,0.99853515625,0.1640625,0.1015625,0.99375,,0.1781926155090332,0.22334972023963928,0.9912109375,0.20314359664916992,0.9970703125,2.54533052444458,2.785625696182251,0.109375,2.771754741668701,0.12109375,2.8598930835723877,2.988779306411743,0.0556640625,3.0011093616485596,0.0625
confirm-w128-d57721-s204-g12-uniform,confirm,128,3,621696,57721,204,uniform,0.0003,0.1,1.0,10,,,1278.8857179880142,0.0,False,False,1.6494216918945312,1.8031572103500366,4.143102169036865,1.8009650707244873,1.0,0.2802734375,0.08984375,0.96875,constant_weights,0.0527808740735054,0.05824507400393486,1.0,0.056225381791591644,1.0,2.148669481277466,2.5042331218719482,0.1923828125,2.4803667068481445,0.18603515625,2.746814489364624,2.8469934463500977,0.0771484375,2.8663032054901123,0.05859375
confirm-w128-d57721-s205-g12-random,confirm,128,3,621696,57721,205,random,0.0003,0.1,1.0,10,0.04646064686921622,4.642658080557376e-05,1162.267606139183,0.0,False,False,1.8870246410369873,2.038889169692993,4.162309169769287,2.0374350547790527,0.984375,0.1865234375,0.1025390625,0.99375,,0.22200025618076324,0.2810797393321991,0.9697265625,0.26603296399116516,0.98291015625,2.5475008487701416,2.769716262817383,0.111328125,2.781320095062256,0.1083984375,2.8915724754333496,3.0658717155456543,0.068359375,3.0649516582489014,0.06298828125
confirm-w128-d57721-s205-g12-uniform,confirm,128,3,621696,57721,205,uniform,0.0003,0.1,1.0,10,,,1281.8911924362183,0.0,False,False,1.6533849239349365,1.8022440671920776,4.162309169769287,1.7992011308670044,1.0,0.283203125,0.1044921875,0.98125,constant_weights,0.05718505010008812,0.06783222407102585,1.0,0.0649334043264389,1.0,2.1495819091796875,2.4856936931610107,0.1767578125,2.471524953842163,0.185546875,2.753387451171875,2.853205919265747,0.0693359375,2.86114501953125,0.05224609375
confirm-w256-d14142-s201-g08-random,confirm,256,4,3212800,14142,201,random,0.0001,1.0,1.0,10,0.026656062920570843,3.536476699561583e-05,1790.8367637395859,0.0,False,False,1.8982679843902588,2.061854600906372,5.417562961578369,2.071200370788574,0.9990234375,0.142578125,0.10107421875,1.0,,0.10060516744852066,0.12750834226608276,0.9931640625,0.12153627723455429,0.99462890625,2.6936349868774414,2.925459146499634,0.0947265625,2.976224422454834,0.0849609375,2.900564193725586,3.132596015930176,0.0615234375,3.1158406734466553,0.06591796875
confirm-w256-d14142-s201-g08-uniform,confirm,256,4,3212800,14142,201,uniform,0.0001,1.0,1.0,10,,,1920.51407289505,0.0,False,False,1.6449919939041138,1.8270719051361084,5.417562961578369,1.831983208656311,1.0,0.26416015625,0.10693359375,0.975,constant_weights,0.03419257327914238,0.038165997713804245,1.0,0.03897665813565254,1.0,2.1651968955993652,2.555821657180786,0.1396484375,2.584028482437134,0.14111328125,2.735586643218994,2.887228012084961,0.0537109375,2.8729443550109863,0.0556640625
confirm-w256-d14142-s202-g08-random,confirm,256,4,3212800,14142,202,random,0.0001,1.0,1.0,10,0.024526480026766266,2.5684282218966892e-05,1809.1812498569489,0.0,False,False,1.8975896835327148,2.0590391159057617,5.438406944274902,2.066056728363037,0.99560546875,0.126953125,0.1005859375,1.0,,0.15325486660003662,0.16354966163635254,0.9921875,0.18444566428661346,0.98974609375,2.6760029792785645,2.9021568298339844,0.09375,2.927186965942383,0.07275390625,2.863511085510254,3.1114110946655273,0.0556640625,3.086538076400757,0.0576171875
confirm-w256-d14142-s202-g08-uniform,confirm,256,4,3212800,14142,202,uniform,0.0001,1.0,1.0,10,,,1931.1039408445358,0.0,False,False,1.6594593524932861,1.813519835472107,5.438406944274902,1.813205599784851,1.0,0.259765625,0.0859375,0.96875,constant_weights,0.03996121510863304,0.046168603003025055,1.0,0.04831259697675705,0.99951171875,2.2056615352630615,2.531935691833496,0.14453125,2.5400519371032715,0.142578125,2.732755661010742,2.862455368041992,0.0595703125,2.851252317428589,0.05615234375
confirm-w256-d14142-s203-g08-random,confirm,256,4,3212800,14142,203,random,0.0001,1.0,1.0,10,0.022704572204960652,1.8998783607583508e-05,1848.9171843528748,0.0,False,False,1.888663411140442,2.048111915588379,5.510792255401611,2.0535004138946533,0.9912109375,0.15869140625,0.11279296875,1.0,,0.14953221380710602,0.17873930931091309,0.9853515625,0.186771422624588,0.9853515625,2.631068706512451,2.833956003189087,0.095703125,2.8542933464050293,0.08642578125,2.8853890895843506,3.1316404342651367,0.0673828125,3.119436740875244,0.0595703125
confirm-w256-d14142-s203-g08-uniform,confirm,256,4,3212800,14142,203,uniform,0.0001,1.0,1.0,10,,,1968.1268252134323,0.0,False,False,1.6558319330215454,1.8057949542999268,5.510792255401611,1.812488317489624,1.0,0.255859375,0.0986328125,0.98125,constant_weights,0.030171692371368408,0.03537467122077942,1.0,0.03482067957520485,1.0,2.212369441986084,2.5250120162963867,0.1328125,2.5514566898345947,0.130859375,2.724954843521118,2.8569986820220947,0.0634765625,2.851187229156494,0.0546875
confirm-w256-d14142-s204-g08-random,confirm,256,4,3212800,14142,204,random,0.0001,1.0,1.0,10,0.03168017815007326,3.9914328560209785e-05,1836.5391821861267,0.0,False,False,1.8639358282089233,2.0221328735351562,5.458822727203369,2.018019437789917,0.98974609375,0.16845703125,0.0986328125,0.98125,,0.16856175661087036,0.18595069646835327,0.9873046875,0.19491860270500183,0.98486328125,2.59283447265625,2.8800125122070312,0.1083984375,2.879284620285034,0.091796875,2.830410957336426,3.0004355907440186,0.05078125,2.9798550605773926,0.0654296875
confirm-w256-d14142-s204-g08-uniform,confirm,256,4,3212800,14142,204,uniform,0.0001,1.0,1.0,10,,,1945.736517906189,0.0,False,False,1.6506597995758057,1.809377670288086,5.458822727203369,1.8136011362075806,1.0,0.28125,0.0986328125,0.98125,constant_weights,0.03855627402663231,0.04383072629570961,1.0,0.04365277662873268,1.0,2.1895241737365723,2.5326762199401855,0.1474609375,2.5455384254455566,0.13671875,2.7238986492156982,2.851625919342041,0.0556640625,2.851612091064453,0.064453125
confirm-w256-d14142-s205-g08-random,confirm,256,4,3212800,14142,205,random,0.0001,1.0,1.0,10,0.02978919741077364,3.85828691916944e-05,1796.2486770153046,0.0,False,False,1.917040467262268,2.108772039413452,5.4334635734558105,2.0972745418548584,0.994140625,0.1533203125,0.1015625,0.9875,,0.1584964394569397,0.17485648393630981,0.990234375,0.18501734733581543,0.9951171875,2.680844306945801,2.9406232833862305,0.083984375,2.9554927349090576,0.07568359375,2.911780595779419,3.210836410522461,0.052734375,3.1513137817382812,0.06201171875
confirm-w256-d14142-s205-g08-uniform,confirm,256,4,3212800,14142,205,uniform,0.0001,1.0,1.0,10,,,1933.8030024766922,0.0,False,False,1.6483796834945679,1.8315054178237915,5.4334635734558105,1.8348920345306396,1.0,0.265625,0.1015625,0.98125,constant_weights,0.03184959292411804,0.037321750074625015,1.0,0.03680659830570221,1.0,2.1796202659606934,2.5656871795654297,0.142578125,2.589433193206787,0.1298828125,2.7336692810058594,2.891507148742676,0.0595703125,2.8784360885620117,0.046875
confirm-w256-d17320-s201-g08-random,confirm,256,4,3212800,17320,201,random,0.0001,1.0,1.0,10,0.021807018506290562,3.4671395256720875e-05,1766.804380774498,0.0,False,False,1.8489495515823364,1.9983725547790527,5.361323356628418,1.9988538026809692,0.99755859375,0.16455078125,0.10498046875,1.0,,0.13130033016204834,0.16297227144241333,0.990234375,0.16953106224536896,0.99072265625,2.572760820388794,2.7948012351989746,0.1083984375,2.785295009613037,0.1103515625,2.842787504196167,3.037344455718994,0.0615234375,3.0417354106903076,0.05517578125
confirm-w256-d17320-s201-g08-uniform,confirm,256,4,3212800,17320,201,uniform,0.0001,1.0,1.0,10,,,1871.4591553211212,0.0,False,False,1.6445456743240356,1.7982012033462524,5.361323356628418,1.796103596687317,1.0,0.28369140625,0.10107421875,0.9875,constant_weights,0.03827894479036331,0.04509517550468445,1.0,0.045419059693813324,0.99951171875,2.159487724304199,2.518245220184326,0.1513671875,2.5041112899780273,0.1552734375,2.735870122909546,2.8312630653381348,0.068359375,2.838779926300049,0.06591796875
confirm-w256-d17320-s202-g08-random,confirm,256,4,3212800,17320,202,random,0.0001,1.0,1.0,10,0.02819860862519564,1.1335454315695858e-05,1759.4894350767136,0.0,False,False,1.9050261974334717,2.1034185886383057,5.404572486877441,2.095048666000366,0.9951171875,0.16259765625,0.091796875,1.0,,0.1458771675825119,0.18496625125408173,0.990234375,0.17875808477401733,0.98876953125,2.660935401916504,2.9944067001342773,0.087890625,2.9584381580352783,0.103515625,2.9082653522491455,3.1308817863464355,0.060546875,3.1479499340057373,0.056640625
confirm-w256-d17320-s202-g08-uniform,confirm,256,4,3212800,17320,202,uniform,0.0001,1.0,1.0,10,,,1891.6220067739487,0.0,False,False,1.6469545364379883,1.795813798904419,5.404572486877441,1.8004868030548096,1.0,0.27587890625,0.091796875,1.0,constant_weights,0.036725837737321854,0.043656982481479645,1.0,0.04286487400531769,1.0,2.1665799617767334,2.5093281269073486,0.1474609375,2.5175037384033203,0.1591796875,2.737557888031006,2.834456443786621,0.06640625,2.8410916328430176,0.0595703125
confirm-w256-d17320-s203-g08-random,confirm,256,4,3212800,17320,203,random,0.0001,1.0,1.0,10,0.030023520925353618,1.9291871783708647e-05,1801.1882314682007,0.0,False,False,1.8646042346954346,2.0394692420959473,5.43333625793457,2.030045509338379,0.99560546875,0.16748046875,0.0859375,0.99375,,0.13340021669864655,0.17919138073921204,0.9892578125,0.1578592211008072,0.98876953125,2.595324993133545,2.915048122406006,0.08984375,2.9237422943115234,0.10498046875,2.8650875091552734,3.024168014526367,0.0595703125,3.0085349082946777,0.06005859375
confirm-w256-d17320-s203-g08-uniform,confirm,256,4,3212800,17320,203,uniform,0.0001,1.0,1.0,10,,,1910.525839805603,0.0,False,False,1.6510542631149292,1.8002278804779053,5.43333625793457,1.8048046827316284,1.0,0.27490234375,0.0908203125,0.9875,constant_weights,0.03599422425031662,0.04393356293439865,1.0,0.043240420520305634,1.0,2.177854061126709,2.5172455310821533,0.1591796875,2.525763750076294,0.1494140625,2.739314317703247,2.8395042419433594,0.064453125,2.845409870147705,0.064453125
confirm-w256-d17320-s204-g08-random,confirm,256,4,3212800,17320,204,random,0.0001,1.0,1.0,10,0.030461001543366388,2.6682015199105242e-05,1761.4705696105957,0.0,False,False,1.914923071861267,2.109290361404419,5.411468982696533,2.0898988246917725,0.98388671875,0.166015625,0.095703125,1.0,,0.19673611223697662,0.23452450335025787,0.9814453125,0.23102378845214844,0.9755859375,2.604872941970825,2.9040918350219727,0.0947265625,2.8753814697265625,0.1025390625,2.943160057067871,3.189255475997925,0.0576171875,3.1632912158966064,0.0595703125
confirm-w256-d17320-s204-g08-uniform,confirm,256,4,3212800,17320,204,uniform,0.0001,1.0,1.0,10,,,1900.2197978496552,0.0,False,False,1.6439284086227417,1.8113373517990112,5.411468982696533,1.816408395767212,1.0,0.2724609375,0.09033203125,0.9875,constant_weights,0.03595714643597603,0.04526790231466293,1.0,0.04399926960468292,1.0,2.1509761810302734,2.533052444458008,0.15234375,2.5539207458496094,0.15185546875,2.744852066040039,2.855691432952881,0.0498046875,2.8513052463531494,0.0615234375
confirm-w256-d17320-s205-g08-random,confirm,256,4,3212800,17320,205,random,0.0001,1.0,1.0,10,0.03158181630452829,1.3493056576659012e-05,1759.456769824028,0.0,False,False,1.8995983600616455,2.042564630508423,5.386953830718994,2.042888879776001,0.9755859375,0.16845703125,0.0908203125,0.9875,,0.2138693481683731,0.24645543098449707,0.9677734375,0.27057594060897827,0.9619140625,2.6047587394714355,2.837007522583008,0.1005859375,2.812695026397705,0.11328125,2.880167007446289,3.0442309379577637,0.0595703125,3.045395612716675,0.068359375
confirm-w256-d17320-s205-g08-uniform,confirm,256,4,3212800,17320,205,uniform,0.0001,1.0,1.0,10,,,1892.3218741416931,0.0,False,False,1.6400961875915527,1.80807626247406,5.386953830718994,1.8125584125518799,1.0,0.25732421875,0.1015625,0.99375,constant_weights,0.040435001254081726,0.051866818219423294,1.0,0.04874090477824211,1.0,2.1419548988342285,2.5247130393981934,0.15234375,2.5326499938964844,0.13916015625,2.737898826599121,2.8476483821868896,0.0712890625,2.8562843799591064,0.06640625
confirm-w256-d57721-s201-g08-random,confirm,256,4,3212800,57721,201,random,0.0001,1.0,1.0,10,0.02649875957429467,2.7449040741213227e-05,1813.5861418247223,0.0,False,False,1.8332146406173706,1.962876319885254,5.392026424407959,1.9827715158462524,0.998046875,0.17333984375,0.1025390625,1.0,,0.12580014765262604,0.1551736295223236,0.9931640625,0.15713369846343994,0.990234375,2.5130105018615723,2.7407846450805664,0.1201171875,2.760434627532959,0.10986328125,2.860833168029785,2.9926702976226807,0.076171875,3.0307464599609375,0.05810546875
confirm-w256-d57721-s201-g08-uniform,confirm,256,4,3212800,57721,201,uniform,0.0001,1.0,1.0,10,,,1923.1357233524323,0.0,False,False,1.6192505359649658,1.7777186632156372,5.392026424407959,1.7721320390701294,1.0,0.3173828125,0.103515625,1.0,constant_weights,0.03278486430644989,0.03662749379873276,1.0,0.035759881138801575,1.0,2.072967290878296,2.454838991165161,0.1748046875,2.4282066822052,0.1865234375,2.751999616622925,2.8416898250579834,0.056640625,2.8524301052093506,0.06103515625
confirm-w256-d57721-s202-g08-random,confirm,256,4,3212800,57721,202,random,0.0001,1.0,1.0,10,0.02527563805083384,2.3785419071132573e-05,1796.1644903421402,0.0,False,False,1.8445042371749878,1.992949366569519,5.378583908081055,1.985000491142273,0.99267578125,0.17578125,0.09033203125,1.0,,0.13240374624729156,0.15749326348304749,0.9921875,0.15376244485378265,0.98828125,2.525160789489746,2.8064827919006348,0.103515625,2.7694637775421143,0.1201171875,2.875948429107666,3.014871835708618,0.0615234375,3.03177547454834,0.06982421875
confirm-w256-d57721-s202-g08-uniform,confirm,256,4,3212800,57721,202,uniform,0.0001,1.0,1.0,10,,,1928.668056845665,0.0,False,False,1.5857081413269043,1.7452906370162964,5.378583908081055,1.7459988594055176,1.0,0.34765625,0.09423828125,0.99375,constant_weights,0.04499334096908569,0.055597156286239624,0.9990234375,0.050859324634075165,0.99951171875,1.9671423435211182,2.3345255851745605,0.2490234375,2.33772873878479,0.23876953125,2.7449891567230225,2.8457489013671875,0.060546875,2.8494081497192383,0.068359375
confirm-w256-d57721-s203-g08-random,confirm,256,4,3212800,57721,203,random,0.0001,1.0,1.0,10,0.03214591517057097,7.517703433987704e-06,1839.3311145305634,0.0,False,False,1.8465386629104614,1.996960163116455,5.44950532913208,2.0048630237579346,0.99560546875,0.21337890625,0.099609375,1.0,,0.1303541660308838,0.1600944846868515,0.9921875,0.158707395195961,0.9931640625,2.53371262550354,2.815558910369873,0.12890625,2.809347152709961,0.12939453125,2.87554931640625,3.015227794647217,0.0751953125,3.046534538269043,0.06201171875
confirm-w256-d57721-s203-g08-uniform,confirm,256,4,3212800,57721,203,uniform,0.0001,1.0,1.0,10,,,1954.2420955896378,0.0,False,False,1.622103214263916,1.7757418155670166,5.44950532913208,1.7693101167678833,1.0,0.30029296875,0.09228515625,0.99375,constant_weights,0.031832627952098846,0.037756048142910004,1.0,0.036369726061820984,1.0,2.085664749145508,2.4691290855407715,0.1767578125,2.4279956817626953,0.18896484375,2.748812198638916,2.820340156555176,0.0654296875,2.843564987182617,0.06298828125
confirm-w256-d57721-s204-g08-random,confirm,256,4,3212800,57721,204,random,0.0001,1.0,1.0,10,0.02310056901530729,1.656173600963977e-05,1818.0023226737976,0.0,False,False,1.867377758026123,2.018606662750244,5.4276580810546875,2.0223026275634766,0.9931640625,0.17529296875,0.0986328125,0.99375,,0.16834069788455963,0.20327724516391754,0.986328125,0.19957567751407623,0.98828125,2.5459110736846924,2.7997732162475586,0.1103515625,2.7981789112091064,0.1142578125,2.8878817558288574,3.052769660949707,0.0625,3.069153070449829,0.064453125
confirm-w256-d57721-s204-g08-uniform,confirm,256,4,3212800,57721,204,uniform,0.0001,1.0,1.0,10,,,1944.2493724822998,0.0,False,False,1.620801568031311,1.7725746631622314,5.4276580810546875,1.780571699142456,1.0,0.29833984375,0.09521484375,1.0,constant_weights,0.036315690726041794,0.04197578877210617,1.0,0.04202640801668167,1.0,2.0750136375427246,2.4352288246154785,0.189453125,2.440499782562256,0.19921875,2.751075267791748,2.840519666671753,0.068359375,2.859189033508301,0.0595703125
confirm-w256-d57721-s205-g08-random,confirm,256,4,3212800,57721,205,random,0.0001,1.0,1.0,10,0.02978236070590108,2.1849999262963015e-05,1787.2306900024414,0.0,False,False,1.9054795503616333,2.0641400814056396,5.409567356109619,2.060194253921509,0.9912109375,0.17919921875,0.0947265625,0.99375,,0.19369985163211823,0.23454825580120087,0.9833984375,0.2410239279270172,0.978515625,2.577998638153076,2.8332202434539795,0.095703125,2.808452606201172,0.111328125,2.944739818572998,3.1246514320373535,0.0615234375,3.131106376647949,0.06591796875
confirm-w256-d57721-s205-g08-uniform,confirm,256,4,3212800,57721,205,uniform,0.0001,1.0,1.0,10,,,1931.2298142910004,0.0,False,False,1.624230980873108,1.7867650985717773,5.409567356109619,1.7780957221984863,1.0,0.31494140625,0.10400390625,0.99375,constant_weights,0.041868895292282104,0.049802057445049286,1.0,0.04746019467711449,1.0,2.08328914642334,2.471682548522949,0.1865234375,2.4391212463378906,0.18408203125,2.747535228729248,2.8388102054595947,0.072265625,2.8477048873901367,0.048828125
confirm-w64-d14142-s201-g06-random,confirm,64,2,113408,14142,201,random,0.0001,0.1,1.0,30,0.04309187298586445,6.861151952564609e-05,599.7068582773209,0.0,False,False,2.0580787658691406,2.148968458175659,3.232239246368408,2.1525378227233887,0.99951171875,0.05712890625,0.068359375,1.0,,0.5363488793373108,0.5968426465988159,0.9990234375,0.6029424667358398,0.99755859375,2.761565685272217,2.851835012435913,0.048828125,2.882774829864502,0.0439453125,2.87632155418396,2.998227834701538,0.0537109375,2.971895933151245,0.06689453125
confirm-w64-d14142-s201-g06-uniform,confirm,64,2,113408,14142,201,uniform,0.0001,0.1,1.0,30,,,701.8653018474579,0.0,False,False,1.8585505485534668,1.907097339630127,3.232239246368408,1.9038288593292236,1.0,0.04736328125,0.06787109375,1.0,constant_weights,0.1510619968175888,0.16559937596321106,1.0,0.17115934193134308,1.0,2.6591246128082275,2.7085795402526855,0.0517578125,2.7167134284973145,0.044921875,2.7654647827148438,2.8471131324768066,0.05859375,2.823613405227661,0.06494140625
confirm-w64-d14142-s202-g06-random,confirm,64,2,113408,14142,202,random,0.0001,0.1,1.0,30,0.0513357231845582,9.849203546294128e-05,564.9806840419769,0.0,False,False,2.0979204177856445,2.174028158187866,3.208373546600342,2.1971750259399414,0.99169921875,0.0576171875,0.07080078125,1.0,,0.6179289817810059,0.645591676235199,0.9912109375,0.677068829536438,0.99072265625,2.7798240184783936,2.86334490776062,0.05078125,2.903839588165283,0.04443359375,2.8960089683532715,3.0131478309631348,0.0576171875,3.0106167793273926,0.068359375
confirm-w64-d14142-s202-g06-uniform,confirm,64,2,113408,14142,202,uniform,0.0001,0.1,1.0,30,,,689.0565987825394,0.0,False,False,1.855584740638733,1.8940409421920776,3.208373546600342,1.8955001831054688,1.0,0.0439453125,0.06640625,1.0,constant_weights,0.13158471882343292,0.1404552459716797,1.0,0.14073356986045837,1.0,2.6718697547912598,2.719174861907959,0.048828125,2.7274155616760254,0.0419921875,2.7633004188537598,2.8224923610687256,0.05859375,2.8183515071868896,0.06640625
confirm-w64-d14142-s203-g06-random,confirm,64,2,113408,14142,203,random,0.0001,0.1,1.0,30,0.04221614393119391,7.958264731761855e-05,578.7628207206726,0.0,False,False,2.078669309616089,2.170989990234375,3.2231850624084473,2.188962459564209,0.994140625,0.05517578125,0.07177734375,0.9979166666666667,,0.5712519884109497,0.612576961517334,0.990234375,0.6505419015884399,0.98974609375,2.7674317359924316,2.865849494934082,0.0517578125,2.888248920440674,0.04833984375,2.8973240852355957,3.034543514251709,0.0576171875,3.0280959606170654,0.064453125
confirm-w64-d14142-s203-g06-uniform,confirm,64,2,113408,14142,203,uniform,0.0001,0.1,1.0,30,,,692.8965229988098,0.0,False,False,1.855751633644104,1.9089093208312988,3.2231850624084473,1.9097353219985962,1.0,0.0498046875,0.068359375,1.0,constant_weights,0.1510019302368164,0.16572263836860657,1.0,0.16836927831172943,1.0,2.6566219329833984,2.718538522720337,0.0517578125,2.7318828105926514,0.0439453125,2.759631633758545,2.8424665927886963,0.0576171875,2.828953742980957,0.06494140625
confirm-w64-d14142-s204-g06-random,confirm,64,2,113408,14142,204,random,0.0001,0.1,1.0,30,0.03789151080255951,8.073028438798795e-05,624.3939908742905,0.0,False,False,1.998935341835022,2.071539878845215,3.229024887084961,2.0786044597625732,0.99951171875,0.05224609375,0.06884765625,0.9958333333333333,,0.4122108221054077,0.4473666250705719,0.9990234375,0.46492800116539,0.99755859375,2.742899179458618,2.8319039344787598,0.0498046875,2.8460335731506348,0.044921875,2.841695785522461,2.935349225997925,0.0556640625,2.9248523712158203,0.06005859375
confirm-w64-d14142-s204-g06-uniform,confirm,64,2,113408,14142,204,uniform,0.0001,0.1,1.0,30,,,696.8924798965454,0.0,False,False,1.8573366403579712,1.8967419862747192,3.229024887084961,1.9002820253372192,1.0,0.0439453125,0.06689453125,1.0,constant_weights,0.13733023405075073,0.14673525094985962,1.0,0.15439662337303162,0.9990234375,2.6760411262512207,2.715510368347168,0.048828125,2.730605125427246,0.0419921875,2.758638381958008,2.827979803085327,0.05859375,2.8158442974090576,0.06591796875
confirm-w64-d14142-s205-g06-random,confirm,64,2,113408,14142,205,random,0.0001,0.1,1.0,30,0.04740290619705277,0.00010353193440490573,610.4774060249329,0.001953125,False,False,2.0774497985839844,2.1696717739105225,3.278700590133667,2.191965341567993,0.998046875,0.06005859375,0.0712890625,1.0,,0.551426887512207,0.5802280902862549,0.9931640625,0.6228134632110596,0.99365234375,2.7724838256835938,2.8836541175842285,0.0556640625,2.926903247833252,0.04931640625,2.908438205718994,3.045133113861084,0.0556640625,3.026179313659668,0.0625
confirm-w64-d14142-s205-g06-uniform,confirm,64,2,113408,14142,205,uniform,0.0001,0.1,1.0,30,,,717.274458527565,0.0,False,False,1.8688616752624512,1.910454511642456,3.278700590133667,1.9126896858215332,1.0,0.0439453125,0.06640625,1.0,constant_weights,0.14476439356803894,0.1591588258743286,1.0,0.16372613608837128,1.0,2.6956863403320312,2.740438222885132,0.048828125,2.753507614135742,0.0419921875,2.766134262084961,2.831766366958618,0.0576171875,2.8208353519439697,0.06591796875
confirm-w64-d17320-s201-g06-random,confirm,64,2,113408,17320,201,random,0.0001,0.1,1.0,30,0.03898914285135123,6.006041896628998e-05,568.6523705720901,0.0,False,False,2.0462565422058105,2.1439836025238037,3.191009759902954,2.142963171005249,1.0,0.0888671875,0.0595703125,0.9979166666666667,,0.5234553813934326,0.6022228002548218,0.9970703125,0.6015567183494568,0.99853515625,2.714538097381592,2.8295352458953857,0.0693359375,2.822507858276367,0.0791015625,2.9007763862609863,3.000192880630493,0.0595703125,3.004824161529541,0.05712890625
confirm-w64-d17320-s201-g06-uniform,confirm,64,2,113408,17320,201,uniform,0.0001,0.1,1.0,30,,,666.158256649971,0.0,False,False,1.8558152914047241,1.907309889793396,3.191009759902954,1.9067225456237793,1.0,0.09033203125,0.05810546875,1.0,constant_weights,0.16983801126480103,0.19389817118644714,1.0,0.19558027386665344,1.0,2.607343912124634,2.681586503982544,0.068359375,2.67795991897583,0.07958984375,2.7902638912200928,2.846444606781006,0.05859375,2.8466272354125977,0.05615234375
confirm-w64-d17320-s202-g06-random,confirm,64,2,113408,17320,202,random,0.0001,0.1,1.0,30,0.049790341675856775,3.3246334235830724e-05,562.0836169719696,0.0,False,False,2.062922239303589,2.170381546020508,3.193315029144287,2.1659960746765137,0.99658203125,0.09765625,0.060546875,1.0,,0.5452091693878174,0.6037918925285339,0.990234375,0.6018072962760925,0.98876953125,2.72509765625,2.8693008422851562,0.068359375,2.861262559890747,0.0810546875,2.9184601306915283,3.038050889968872,0.05859375,3.0349180698394775,0.05517578125
confirm-w64-d17320-s202-g06-uniform,confirm,64,2,113408,17320,202,uniform,0.0001,0.1,1.0,30,,,672.8760937452316,0.0,False,False,1.846530556678772,1.8874166011810303,3.193315029144287,1.8822288513183594,1.0,0.08935546875,0.0576171875,1.0,constant_weights,0.13633950054645538,0.14633893966674805,1.0,0.14486517012119293,1.0,2.626800537109375,2.6948201656341553,0.0673828125,2.685222864151001,0.07861328125,2.77645206451416,2.8210904598236084,0.05859375,2.8165981769561768,0.05615234375
confirm-w64-d17320-s203-g06-random,confirm,64,2,113408,17320,203,random,0.0001,0.1,1.0,30,0.04990932190873976,5.2999283624643836e-05,574.1493330001831,0.0,False,False,2.029287338256836,2.125185966491699,3.1795032024383545,2.12650728225708,0.99853515625,0.1005859375,0.05908203125,0.9979166666666667,,0.5003511309623718,0.5558175444602966,0.9921875,0.558950662612915,0.99169921875,2.690748691558838,2.8252501487731934,0.0712890625,2.816042184829712,0.08544921875,2.896761655807495,2.994490385055542,0.0595703125,3.004528522491455,0.05517578125
confirm-w64-d17320-s203-g06-uniform,confirm,64,2,113408,17320,203,uniform,0.0001,0.1,1.0,30,,,672.4436005353928,0.0,False,False,1.8373061418533325,1.887844204902649,3.1795032024383545,1.892208456993103,1.0,0.0908203125,0.0595703125,1.0,constant_weights,0.15011999011039734,0.16807618737220764,1.0,0.16860966384410858,1.0,2.5874595642089844,2.6607017517089844,0.0693359375,2.6646995544433594,0.07958984375,2.774338722229004,2.834754467010498,0.060546875,2.843316078186035,0.056640625
confirm-w64-d17320-s204-g06-random,confirm,64,2,113408,17320,204,random,0.0001,0.1,1.0,30,0.05427801924908536,6.374701167590995e-05,567.1944987773895,0.0,False,False,2.0428290367126465,2.157209634780884,3.180891990661621,2.1433660984039307,0.998046875,0.09375,0.06298828125,0.9979166666666667,,0.5020129084587097,0.5728517770767212,0.9951171875,0.5656300783157349,0.99169921875,2.7086122035980225,2.843013048171997,0.0693359375,2.82053804397583,0.07763671875,2.9178619384765625,3.0557644367218018,0.0576171875,3.0439302921295166,0.0576171875
confirm-w64-d17320-s204-g06-uniform,confirm,64,2,113408,17320,204,uniform,0.0001,0.1,1.0,30,,,664.7620130777359,0.0,False,False,1.8522675037384033,1.8947405815124512,3.180891990661621,1.887629747390747,1.0,0.08935546875,0.0576171875,1.0,constant_weights,0.1405562460422516,0.15215542912483215,1.0,0.15067073702812195,1.0,2.6387157440185547,2.7004733085632324,0.0673828125,2.6895458698272705,0.07861328125,2.7775301933288574,2.831592559814453,0.05859375,2.8226728439331055,0.056640625
confirm-w64-d17320-s205-g06-random,confirm,64,2,113408,17320,205,random,0.0001,0.1,1.0,30,0.04845444086660809,3.8257307968214634e-05,582.4849762916565,0.0,False,False,2.071026563644409,2.152523994445801,3.240651845932007,2.152211904525757,0.9970703125,0.10693359375,0.06005859375,1.0,,0.5349546670913696,0.575644314289093,0.9931640625,0.5824840068817139,0.9951171875,2.7389144897460938,2.8692336082458496,0.0771484375,2.853146553039551,0.0859375,2.9392104148864746,3.0126936435699463,0.05859375,3.0210046768188477,0.05615234375
confirm-w64-d17320-s205-g06-uniform,confirm,64,2,113408,17320,205,uniform,0.0001,0.1,1.0,30,,,691.0840413570404,0.0,False,False,1.8589190244674683,1.902486801147461,3.240651845932007,1.8970927000045776,1.0,0.08984375,0.05712890625,1.0,constant_weights,0.1514964997768402,0.16632471978664398,1.0,0.16368943452835083,1.0,2.641425848007202,2.7107326984405518,0.0673828125,2.702162981033325,0.07861328125,2.783834457397461,2.8304033279418945,0.05859375,2.825425624847412,0.056640625
confirm-w64-d57721-s201-g06-random,confirm,64,2,113408,57721,201,random,0.0001,0.1,1.0,30,0.04808556775774622,5.899310009305172e-05,584.5289484262466,0.0,False,False,2.0522117614746094,2.125514268875122,3.191136121749878,2.1377968788146973,0.99365234375,0.0869140625,0.06494140625,0.9979166666666667,,0.574425458908081,0.634625256061554,0.986328125,0.6262491345405579,0.98974609375,2.686241865158081,2.7844784259796143,0.07421875,2.8061490058898926,0.07177734375,2.8959672451019287,2.9574389457702637,0.0595703125,2.980991840362549,0.06396484375
confirm-w64-d57721-s201-g06-uniform,confirm,64,2,113408,57721,201,uniform,0.0001,0.1,1.0,30,,,683.3892273902893,0.0,False,False,1.8591252565383911,1.9128137826919556,3.191136121749878,1.9073926210403442,1.0,0.06982421875,0.056640625,1.0,constant_weights,0.17392610013484955,0.2145940214395523,1.0,0.20866812765598297,1.0,2.605142593383789,2.674354076385498,0.068359375,2.6640350818634033,0.06494140625,2.798306941986084,2.8494935035705566,0.056640625,2.8494741916656494,0.0654296875
confirm-w64-d57721-s202-g06-random,confirm,64,2,113408,57721,202,random,0.0001,0.1,1.0,30,0.042568164688482416,8.114298621379982e-05,587.7121193408966,0.0,False,False,2.0498626232147217,2.1389899253845215,3.1920127868652344,2.1323463916778564,0.9951171875,0.07958984375,0.05859375,1.0,,0.5676251649856567,0.6321006417274475,0.99609375,0.6213548183441162,0.99365234375,2.6750481128692627,2.804058074951172,0.0703125,2.7782063484191895,0.0673828125,2.906914472579956,2.980811834335327,0.0595703125,2.9974775314331055,0.06298828125
confirm-w64-d57721-s202-g06-uniform,confirm,64,2,113408,57721,202,uniform,0.0001,0.1,1.0,30,,,702.3375060558319,0.0,False,False,1.8259848356246948,1.875645637512207,3.1920127868652344,1.8750762939453125,1.0,0.08154296875,0.064453125,1.0,constant_weights,0.14386504888534546,0.155121847987175,1.0,0.15612688660621643,1.0,2.554842472076416,2.6423325538635254,0.07421875,2.6320037841796875,0.072265625,2.779247283935547,2.8294827938079834,0.0556640625,2.8370983600616455,0.06396484375
confirm-w64-d57721-s203-g06-random,confirm,64,2,113408,57721,203,random,0.0001,0.1,1.0,30,0.05096511830396226,3.145756994177576e-05,591.5854486227036,0.0,False,False,2.055858850479126,2.137746810913086,3.2100892066955566,2.142625570297241,0.99755859375,0.08544921875,0.06689453125,1.0,,0.5725363492965698,0.6170955896377563,0.9912109375,0.6302074790000916,0.9931640625,2.6845812797546387,2.790181875228882,0.072265625,2.8007259368896484,0.0712890625,2.910459041595459,3.005963087081909,0.0556640625,2.996943712234497,0.06640625
confirm-w64-d57721-s203-g06-uniform,confirm,64,2,113408,57721,203,uniform,0.0001,0.1,1.0,30,,,701.7632392644882,0.0,False,False,1.840667724609375,1.8995249271392822,3.2100892066955566,1.8988380432128906,1.0,0.083984375,0.0615234375,1.0,constant_weights,0.16407185792922974,0.18435701727867126,1.0,0.18845686316490173,1.0,2.5783448219299316,2.6733686923980713,0.0771484375,2.664299488067627,0.07275390625,2.7795867919921875,2.8408493995666504,0.0595703125,2.8437576293945312,0.06298828125
confirm-w64-d57721-s204-g06-random,confirm,64,2,113408,57721,204,random,0.0001,0.1,1.0,30,0.040613876070587,5.8160240662472886e-05,601.0046645402908,0.0,False,False,2.026134967803955,2.106287956237793,3.1987292766571045,2.10272479057312,0.99853515625,0.07763671875,0.06005859375,1.0,,0.5096763372421265,0.5543534755706787,0.9970703125,0.561616837978363,0.998046875,2.672961950302124,2.7814393043518066,0.072265625,2.7620747089385986,0.0673828125,2.895766496658325,2.9830708503723145,0.0546875,2.984483242034912,0.06396484375
confirm-w64-d57721-s204-g06-uniform,confirm,64,2,113408,57721,204,uniform,0.0001,0.1,1.0,30,,,697.8865150213242,0.0,False,False,1.8369126319885254,1.8881783485412598,3.1987292766571045,1.8841572999954224,1.0,0.07861328125,0.0595703125,1.0,constant_weights,0.1446356177330017,0.15768983960151672,1.0,0.1575036495923996,1.0,2.5890133380889893,2.672733783721924,0.072265625,2.657778024673462,0.0703125,2.7770891189575195,2.834111213684082,0.0556640625,2.837190628051758,0.064453125
confirm-w64-d57721-s205-g06-random,confirm,64,2,113408,57721,205,random,0.0001,0.1,1.0,30,0.05218880823050377,5.3571758054888846e-05,597.0583724975586,0.0,False,False,2.069990634918213,2.1751022338867188,3.249124526977539,2.1755220890045166,0.99462890625,0.0908203125,0.0615234375,0.9979166666666667,,0.5560852289199829,0.6473331451416016,0.990234375,0.635938286781311,0.990234375,2.706199884414673,2.814821720123291,0.0771484375,2.8234193325042725,0.0751953125,2.9476866722106934,3.0631518363952637,0.0517578125,3.0672082901000977,0.06201171875
confirm-w64-d57721-s205-g06-uniform,confirm,64,2,113408,57721,205,uniform,0.0001,0.1,1.0,30,,,705.4278577566147,0.0,False,False,1.8583314418792725,1.900628685951233,3.249124526977539,1.8958312273025513,1.0,0.06982421875,0.05712890625,1.0,constant_weights,0.15482577681541443,0.17736442387104034,1.0,0.172429621219635,1.0,2.6308131217956543,2.692591905593872,0.068359375,2.6845133304595947,0.06494140625,2.789355754852295,2.8319292068481445,0.0556640625,2.8305506706237793,0.06494140625
