name,phase,variant,width,data_seed,seed,pretrain_seed,grid_index,arm,lr,wd,parameters,epoch,p,p_reason,objective,total_gain,negative_gain_fraction,clipping,lower_boundary,upper_boundary,initial_validation_nll,train_nll,train_shared_loss,train_shared_accuracy,train_group_loss,train_group_accuracy,train_instance_loss,train_instance_accuracy,validation_nll,validation_shared_loss,validation_shared_accuracy,validation_group_loss,validation_group_accuracy,validation_instance_loss,validation_instance_accuracy,test_nll,test_shared_loss,test_shared_accuracy,test_group_loss,test_group_accuracy,test_instance_loss,test_instance_accuracy
confirm-M-w128-d41843-s601-g00-random,confirm,M,128,41843,601,95201,0,random,0.0001,0.1,621696,0,,no_adaptation,,0.0,0.0,,False,False,4.02932071685791,3.998917579650879,0.04958324879407883,1.0,5.951041221618652,0.076171875,5.996129035949707,0.0703125,4.02932071685791,0.04959256201982498,1.0,5.996984481811523,0.0703125,6.041385173797607,0.0654296875,,,,,,,
confirm-M-w128-d41843-s602-g00-random,confirm,M,128,41843,602,95201,0,random,0.0001,0.1,621696,0,,no_adaptation,,0.0,0.0,,False,False,4.02351188659668,3.998969793319702,0.048908550292253494,1.0,5.95729923248291,0.076171875,5.9907026290893555,0.0703125,4.02351188659668,0.04895059019327164,1.0,6.008253574371338,0.0703125,6.013330936431885,0.0654296875,,,,,,,
confirm-M-w128-d41843-s603-g00-random,confirm,M,128,41843,603,95201,0,random,0.0001,0.1,621696,0,,no_adaptation,,0.0,0.0,,False,False,4.01631498336792,3.9903926849365234,0.04955825209617615,1.0,5.933223247528076,0.076171875,5.988397598266602,0.0703125,4.01631498336792,0.0495772622525692,1.0,5.983098030090332,0.0703125,6.016270160675049,0.0654296875,,,,,,,
confirm-M-w128-d43997-s601-g00-random,confirm,M,128,43997,601,95202,0,random,0.0001,0.1,621696,0,,no_adaptation,,0.0,0.0,,False,False,4.0561699867248535,4.103518486022949,0.04951170086860657,1.0,6.140904426574707,0.05126953125,6.120139122009277,0.05224609375,4.0561699867248535,0.04944970831274986,1.0,6.0732421875,0.0634765625,6.0458173751831055,0.0634765625,,,,,,,
confirm-M-w128-d43997-s602-g00-random,confirm,M,128,43997,602,95202,0,random,0.0001,0.1,621696,0,,no_adaptation,,0.0,0.0,,False,False,4.028783798217773,4.076803684234619,0.048541657626628876,1.0,6.068582534790039,0.05126953125,6.11328649520874,0.05224609375,4.028783798217773,0.04847614839673042,1.0,6.0059404373168945,0.0634765625,6.031933784484863,0.0634765625,,,,,,,
confirm-M-w128-d43997-s603-g00-random,confirm,M,128,43997,603,95202,0,random,0.0001,0.1,621696,0,,no_adaptation,,0.0,0.0,,False,False,4.040692329406738,4.090754508972168,0.04964928701519966,1.0,6.1309404373168945,0.05126953125,6.091673851013184,0.05224609375,4.040692329406738,0.04969582334160805,1.0,6.050295352935791,0.0634765625,6.022086143493652,0.0634765625,,,,,,,
confirm-M-w128-d46219-s601-g00-random,confirm,M,128,46219,601,95203,0,random,0.0001,0.1,621696,0,,no_adaptation,,0.0,0.0,,False,False,3.977539300918579,4.025837421417236,0.049862854182720184,1.0,5.945592880249023,0.07421875,6.082056522369385,0.05712890625,3.977539300918579,0.04974564164876938,1.0,5.832651138305664,0.09375,6.050220489501953,0.0634765625,,,,,,,
confirm-M-w128-d46219-s602-g00-random,confirm,M,128,46219,602,95203,0,random,0.0001,0.1,621696,0,,no_adaptation,,0.0,0.0,,False,False,3.968041181564331,4.0270867347717285,0.048478562384843826,1.0,5.954277038574219,0.07421875,6.078502655029297,0.05712890625,3.968041181564331,0.048371054232120514,1.0,5.82867956161499,0.09375,6.027074813842773,0.0634765625,,,,,,,
confirm-M-w128-d46219-s603-g00-random,confirm,M,128,46219,603,95203,0,random,0.0001,0.1,621696,0,,no_adaptation,,0.0,0.0,,False,False,3.988962173461914,4.043853759765625,0.04963570460677147,1.0,5.994357109069824,0.07421875,6.08756685256958,0.05712890625,3.988962173461914,0.049606893211603165,1.0,5.885245323181152,0.09375,6.032033920288086,0.0634765625,,,,,,,
confirm-M-w256-d41843-s601-g00-random,confirm,M,256,41843,601,95201,0,random,0.0001,0.1,3212800,0,,no_adaptation,,0.0,0.0,,False,False,5.329658031463623,5.299703121185303,0.007904884405434132,1.0,7.913159370422363,0.076171875,7.978046417236328,0.0703125,5.329658031463623,0.007913779467344284,1.0,7.968067646026611,0.0703125,8.012992858886719,0.0654296875,,,,,,,
confirm-M-w256-d41843-s602-g00-random,confirm,M,256,41843,602,95201,0,random,0.0001,0.1,3212800,0,,no_adaptation,,0.0,0.0,,False,False,5.318984508514404,5.288297653198242,0.008082235231995583,1.0,7.913137435913086,0.076171875,7.943674087524414,0.0703125,5.318984508514404,0.008058533072471619,1.0,7.973320007324219,0.0703125,7.9755754470825195,0.0654296875,,,,,,,
confirm-M-w256-d41843-s603-g00-random,confirm,M,256,41843,603,95201,0,random,0.0001,0.1,3212800,0,,no_adaptation,,0.0,0.0,,False,False,5.3179473876953125,5.292207717895508,0.00767538882791996,1.0,7.9017767906188965,0.076171875,7.967171669006348,0.0703125,5.3179473876953125,0.007678268477320671,1.0,7.942905426025391,0.0703125,8.00325870513916,0.0654296875,,,,,,,
confirm-M-w256-d43997-s601-g00-random,confirm,M,256,43997,601,95202,0,random,0.0001,0.1,3212800,0,,no_adaptation,,0.0,0.0,,False,False,5.379137992858887,5.452352046966553,0.007695185020565987,1.0,8.188942909240723,0.05126953125,8.160417556762695,0.05224609375,5.379137992858887,0.007677391637116671,1.0,8.072132110595703,0.0634765625,8.057601928710938,0.0634765625,,,,,,,
confirm-M-w256-d43997-s602-g00-random,confirm,M,256,43997,602,95202,0,random,0.0001,0.1,3212800,0,,no_adaptation,,0.0,0.0,,False,False,5.34553861618042,5.3980302810668945,0.008244583383202553,1.0,8.085844039916992,0.05126953125,8.10000228881836,0.05224609375,5.34553861618042,0.008236119523644447,1.0,8.001917839050293,0.0634765625,8.02646255493164,0.0634765625,,,,,,,
confirm-M-w256-d43997-s603-g00-random,confirm,M,256,43997,603,95202,0,random,0.0001,0.1,3212800,0,,no_adaptation,,0.0,0.0,,False,False,5.331577301025391,5.39915657043457,0.007688389625400305,1.0,8.094480514526367,0.05126953125,8.09529972076416,0.05224609375,5.331577301025391,0.007692227140069008,1.0,7.989438056945801,0.0634765625,7.997602462768555,0.0634765625,,,,,,,
confirm-M-w256-d46219-s601-g00-random,confirm,M,256,46219,601,95203,0,random,0.0001,0.1,3212800,0,,no_adaptation,,0.0,0.0,,False,False,5.282410621643066,5.346634864807129,0.007864901795983315,1.0,7.948634147644043,0.07421875,8.083405494689941,0.05712890625,5.282410621643066,0.007850652560591698,1.0,7.794093132019043,0.09375,8.045289039611816,0.0634765625,,,,,,,
confirm-M-w256-d46219-s602-g00-random,confirm,M,256,46219,602,95203,0,random,0.0001,0.1,3212800,0,,no_adaptation,,0.0,0.0,,False,False,5.265003681182861,5.343321323394775,0.008088461123406887,1.0,7.954949378967285,0.07421875,8.066925048828125,0.05712890625,5.265003681182861,0.008039820939302444,1.0,7.774310111999512,0.09375,8.01266098022461,0.0634765625,,,,,,,
confirm-M-w256-d46219-s603-g00-random,confirm,M,256,46219,603,95203,0,random,0.0001,0.1,3212800,0,,no_adaptation,,0.0,0.0,,False,False,5.253207206726074,5.32215690612793,0.007728587370365858,1.0,7.897360324859619,0.07421875,8.061381340026855,0.05712890625,5.253207206726074,0.007730056066066027,1.0,7.736419677734375,0.09375,8.015472412109375,0.0634765625,,,,,,,
confirm-M-w64-d41843-s601-g00-random,confirm,M,64,41843,601,95201,0,random,0.0001,0.1,113408,0,,no_adaptation,,0.0,0.0,,False,False,3.1060874462127686,3.0951976776123047,0.2535250186920166,1.0,4.493742942810059,0.076171875,4.538325309753418,0.0703125,3.1060874462127686,0.25360754132270813,1.0,4.525442123413086,0.0703125,4.539213180541992,0.0654296875,,,,,,,
confirm-M-w64-d41843-s602-g00-random,confirm,M,64,41843,602,95201,0,random,0.0001,0.1,113408,0,,no_adaptation,,0.0,0.0,,False,False,3.109306573867798,3.103029727935791,0.2520509362220764,1.0,4.525104522705078,0.076171875,4.5319342613220215,0.0703125,3.109306573867798,0.2523650825023651,1.0,4.550612449645996,0.0703125,4.524942398071289,0.0654296875,,,,,,,
confirm-M-w64-d41843-s603-g00-random,confirm,M,64,41843,603,95201,0,random,0.0001,0.1,113408,0,,no_adaptation,,0.0,0.0,,False,False,3.113748788833618,3.0943620204925537,0.2478422075510025,1.0,4.516700744628906,0.076171875,4.518543243408203,0.0703125,3.113748788833618,0.24795463681221008,1.0,4.541685104370117,0.0703125,4.55160665512085,0.0654296875,,,,,,,
confirm-M-w64-d43997-s601-g00-random,confirm,M,64,43997,601,95202,0,random,0.0001,0.1,113408,0,,no_adaptation,,0.0,0.0,,False,False,3.100351333618164,3.1429007053375244,0.2572983205318451,1.0,4.5710129737854,0.05126953125,4.6003899574279785,0.05224609375,3.100351333618164,0.25685951113700867,1.0,4.5049896240234375,0.0634765625,4.539205551147461,0.0634765625,,,,,,,
confirm-M-w64-d43997-s602-g00-random,confirm,M,64,43997,602,95202,0,random,0.0001,0.1,113408,0,,no_adaptation,,0.0,0.0,,False,False,3.1328084468841553,3.170274019241333,0.252875417470932,1.0,4.657735824584961,0.05126953125,4.600211143493652,0.05224609375,3.1328084468841553,0.25273898243904114,1.0,4.587099552154541,0.0634765625,4.558588027954102,0.0634765625,,,,,,,
confirm-M-w64-d43997-s603-g00-random,confirm,M,64,43997,603,95202,0,random,0.0001,0.1,113408,0,,no_adaptation,,0.0,0.0,,False,False,3.115278482437134,3.1521756649017334,0.2489086091518402,1.0,4.600719451904297,0.05126953125,4.606899261474609,0.05224609375,3.115278482437134,0.24835792183876038,1.0,4.547806262969971,0.0634765625,4.5496721267700195,0.0634765625,,,,,,,
confirm-M-w64-d46219-s601-g00-random,confirm,M,64,46219,601,95203,0,random,0.0001,0.1,113408,0,,no_adaptation,,0.0,0.0,,False,False,3.0692925453186035,3.1130688190460205,0.2553866505622864,1.0,4.508511066436768,0.07421875,4.575308799743652,0.05712890625,3.0692925453186035,0.2555476427078247,1.0,4.412671089172363,0.09375,4.53965950012207,0.0634765625,,,,,,,
confirm-M-w64-d46219-s602-g00-random,confirm,M,64,46219,602,95203,0,random,0.0001,0.1,113408,0,,no_adaptation,,0.0,0.0,,False,False,3.072039842605591,3.1066722869873047,0.25115689635276794,1.0,4.481683731079102,0.07421875,4.5871758460998535,0.05712890625,3.072039842605591,0.2503185272216797,1.0,4.383174896240234,0.09375,4.582625389099121,0.0634765625,,,,,,,
confirm-M-w64-d46219-s603-g00-random,confirm,M,64,46219,603,95203,0,random,0.0001,0.1,113408,0,,no_adaptation,,0.0,0.0,,False,False,3.0685956478118896,3.093378782272339,0.2491978257894516,1.0,4.46779727935791,0.07421875,4.563141345977783,0.05712890625,3.0685956478118896,0.24883118271827698,1.0,4.396493434906006,0.09375,4.560461044311523,0.0634765625,,,,,,,
confirm-S-w128-d41843-s601-g00-random,confirm,S,128,41843,601,95201,0,random,0.0001,0.1,621696,0,,no_adaptation,,0.0,0.0,,False,False,4.133129596710205,4.103463172912598,0.047991082072257996,1.0,6.108339309692383,0.076171875,6.154059886932373,0.0703125,4.133129596710205,0.04801136255264282,1.0,6.153716087341309,0.0703125,6.197660446166992,0.0654296875,,,,,,,
confirm-S-w128-d41843-s602-g00-random,confirm,S,128,41843,602,95201,0,random,0.0001,0.1,621696,0,,no_adaptation,,0.0,0.0,,False,False,4.1232686042785645,4.091110706329346,0.047169677913188934,1.0,6.087023735046387,0.076171875,6.139138698577881,0.0703125,4.1232686042785645,0.047255124896764755,1.0,6.161020278930664,0.0703125,6.1615309715271,0.0654296875,,,,,,,
confirm-S-w128-d41843-s603-g00-random,confirm,S,128,41843,603,95201,0,random,0.0001,0.1,621696,0,,no_adaptation,,0.0,0.0,,False,False,4.111413478851318,4.083390235900879,0.04785463213920593,1.0,6.070634841918945,0.076171875,6.131681442260742,0.0703125,4.111413478851318,0.04784431308507919,1.0,6.1308488845825195,0.0703125,6.155546188354492,0.0654296875,,,,,,,
confirm-S-w128-d43997-s601-g00-random,confirm,S,128,43997,601,95202,0,random,0.0001,0.1,621696,0,,no_adaptation,,0.0,0.0,,False,False,4.155115127563477,4.204030513763428,0.04835279658436775,1.0,6.293217182159424,0.05126953125,6.270522117614746,0.05224609375,4.155115127563477,0.048121191561222076,1.0,6.217339992523193,0.0634765625,6.199884414672852,0.0634765625,,,,,,,
confirm-S-w128-d43997-s602-g00-random,confirm,S,128,43997,602,95202,0,random,0.0001,0.1,621696,0,,no_adaptation,,0.0,0.0,,False,False,4.118311882019043,4.16957950592041,0.047206226736307144,1.0,6.201696395874023,0.05126953125,6.259836196899414,0.05224609375,4.118311882019043,0.04701393470168114,1.0,6.137041091918945,0.0634765625,6.170881271362305,0.0634765625,,,,,,,
confirm-S-w128-d43997-s603-g00-random,confirm,S,128,43997,603,95202,0,random,0.0001,0.1,621696,0,,no_adaptation,,0.0,0.0,,False,False,4.126774787902832,4.18048620223999,0.04810112714767456,1.0,6.271821022033691,0.05126953125,6.221536636352539,0.05224609375,4.126774787902832,0.04806659370660782,1.0,6.180930137634277,0.0634765625,6.151327133178711,0.0634765625,,,,,,,
confirm-S-w128-d46219-s601-g00-random,confirm,S,128,46219,601,95203,0,random,0.0001,0.1,621696,0,,no_adaptation,,0.0,0.0,,False,False,4.076383113861084,4.13104248046875,0.048241741955280304,1.0,6.106536865234375,0.07421875,6.238349914550781,0.05712890625,4.076383113861084,0.048153385519981384,1.0,5.9864068031311035,0.09375,6.194590091705322,0.0634765625,,,,,,,
confirm-S-w128-d46219-s602-g00-random,confirm,S,128,46219,602,95203,0,random,0.0001,0.1,621696,0,,no_adaptation,,0.0,0.0,,False,False,4.062378883361816,4.123621940612793,0.04725286364555359,1.0,6.0947957038879395,0.07421875,6.228817939758301,0.05712890625,4.062378883361816,0.047111861407756805,1.0,5.974819660186768,0.09375,6.165205001831055,0.0634765625,,,,,,,
confirm-S-w128-d46219-s603-g00-random,confirm,S,128,46219,603,95203,0,random,0.0001,0.1,621696,0,,no_adaptation,,0.0,0.0,,False,False,4.069547176361084,4.127231121063232,0.047996245324611664,1.0,6.117188930511475,0.07421875,6.216506004333496,0.05712890625,4.069547176361084,0.04792948439717293,1.0,6.005380630493164,0.09375,6.15532922744751,0.0634765625,,,,,,,
confirm-S-w256-d41843-s601-g00-random,confirm,S,256,41843,601,95201,0,random,0.0001,0.1,3212800,0,,no_adaptation,,0.0,0.0,,False,False,5.354404449462891,5.319048881530762,0.007967385463416576,1.0,7.9321064949035645,0.076171875,8.017071723937988,0.0703125,5.354404449462891,0.007998418994247913,1.0,8.0064697265625,0.0703125,8.048745155334473,0.0654296875,,,,,,,
confirm-S-w256-d41843-s602-g00-random,confirm,S,256,41843,602,95201,0,random,0.0001,0.1,3212800,0,,no_adaptation,,0.0,0.0,,False,False,5.355634689331055,5.330738067626953,0.008094570599496365,1.0,7.974737644195557,0.076171875,8.009380340576172,0.0703125,5.355634689331055,0.00806535966694355,1.0,8.030150413513184,0.0703125,8.02868938446045,0.0654296875,,,,,,,
confirm-S-w256-d41843-s603-g00-random,confirm,S,256,41843,603,95201,0,random,0.0001,0.1,3212800,0,,no_adaptation,,0.0,0.0,,False,False,5.298840522766113,5.275944232940674,0.008219163864850998,1.0,7.87229061126709,0.076171875,7.94732141494751,0.0703125,5.298840522766113,0.008225105702877045,1.0,7.909039497375488,0.0703125,7.979256629943848,0.0654296875,,,,,,,
confirm-S-w256-d43997-s601-g00-random,confirm,S,256,43997,601,95202,0,random,0.0001,0.1,3212800,0,,no_adaptation,,0.0,0.0,,False,False,5.3852763175964355,5.459979057312012,0.008146372623741627,1.0,8.187771797180176,0.05126953125,8.18402099609375,0.05224609375,5.3852763175964355,0.008018061518669128,1.0,8.069743156433105,0.0634765625,8.0780668258667,0.0634765625,,,,,,,
confirm-S-w256-d43997-s602-g00-random,confirm,S,256,43997,602,95202,0,random,0.0001,0.1,3212800,0,,no_adaptation,,0.0,0.0,,False,False,5.406951427459717,5.461883544921875,0.008002160117030144,1.0,8.181110382080078,0.05126953125,8.196539878845215,0.05224609375,5.406951427459717,0.007951639592647552,1.0,8.083346366882324,0.0634765625,8.129556655883789,0.0634765625,,,,,,,
confirm-S-w256-d43997-s603-g00-random,confirm,S,256,43997,603,95202,0,random,0.0001,0.1,3212800,0,,no_adaptation,,0.0,0.0,,False,False,5.341846466064453,5.410409450531006,0.008165376260876656,1.0,8.101634979248047,0.05126953125,8.12142562866211,0.05224609375,5.341846466064453,0.008085043169558048,1.0,8.00446605682373,0.0634765625,8.012988090515137,0.0634765625,,,,,,,
confirm-S-w256-d46219-s601-g00-random,confirm,S,256,46219,601,95203,0,random,0.0001,0.1,3212800,0,,no_adaptation,,0.0,0.0,,False,False,5.30241060256958,5.368318557739258,0.008246584795415401,1.0,7.972753524780273,0.07421875,8.123956680297852,0.05712890625,5.30241060256958,0.00819852389395237,1.0,7.8206095695495605,0.09375,8.078424453735352,0.0634765625,,,,,,,
confirm-S-w256-d46219-s602-g00-random,confirm,S,256,46219,602,95203,0,random,0.0001,0.1,3212800,0,,no_adaptation,,0.0,0.0,,False,False,5.31083869934082,5.394185543060303,0.007970482110977173,1.0,8.025880813598633,0.07421875,8.148703575134277,0.05712890625,5.31083869934082,0.007909100502729416,1.0,7.852813720703125,0.09375,8.071791648864746,0.0634765625,,,,,,,
confirm-S-w256-d46219-s603-g00-random,confirm,S,256,46219,603,95203,0,random,0.0001,0.1,3212800,0,,no_adaptation,,0.0,0.0,,False,False,5.24964714050293,5.310311794281006,0.008275609463453293,1.0,7.869606018066406,0.07421875,8.053054809570312,0.05712890625,5.24964714050293,0.008255748078227043,1.0,7.7203850746154785,0.09375,8.020299911499023,0.0634765625,,,,,,,
confirm-S-w64-d41843-s601-g00-random,confirm,S,64,41843,601,95201,0,random,0.0001,0.1,113408,0,,no_adaptation,,0.0,0.0,,False,False,3.177032470703125,3.165884017944336,0.23447155952453613,1.0,4.601239204406738,0.076171875,4.661940574645996,0.0703125,3.177032470703125,0.23474779725074768,1.0,4.6336894035339355,0.0703125,4.662659645080566,0.0654296875,,,,,,,
confirm-S-w64-d41843-s602-g00-random,confirm,S,64,41843,602,95201,0,random,0.0001,0.1,113408,0,,no_adaptation,,0.0,0.0,,False,False,3.2087597846984863,3.19923734664917,0.2335301637649536,1.0,4.667806625366211,0.076171875,4.696374893188477,0.0703125,3.2087597846984863,0.23405420780181885,1.0,4.697511672973633,0.0703125,4.694712162017822,0.0654296875,,,,,,,
confirm-S-w64-d41843-s603-g00-random,confirm,S,64,41843,603,95201,0,random,0.0001,0.1,113408,0,,no_adaptation,,0.0,0.0,,False,False,3.1914501190185547,3.1700453758239746,0.22982405126094818,1.0,4.634177207946777,0.076171875,4.646133899688721,0.0703125,3.1914501190185547,0.23032867908477783,1.0,4.660612106323242,0.0703125,4.683410167694092,0.0654296875,,,,,,,
confirm-S-w64-d43997-s601-g00-random,confirm,S,64,43997,601,95202,0,random,0.0001,0.1,113408,0,,no_adaptation,,0.0,0.0,,False,False,3.176743984222412,3.223457098007202,0.23357823491096497,1.0,4.707752227783203,0.05126953125,4.72904109954834,0.05224609375,3.176743984222412,0.23276503384113312,1.0,4.631173610687256,0.0634765625,4.666293621063232,0.0634765625,,,,,,,
confirm-S-w64-d43997-s602-g00-random,confirm,S,64,43997,602,95202,0,random,0.0001,0.1,113408,0,,no_adaptation,,0.0,0.0,,False,False,3.2401156425476074,3.279592514038086,0.23347295820713043,1.0,4.830351829528809,0.05126953125,4.7749528884887695,0.05224609375,3.2401156425476074,0.23325975239276886,1.0,4.755446434020996,0.0634765625,4.731640815734863,0.0634765625,,,,,,,
confirm-S-w64-d43997-s603-g00-random,confirm,S,64,43997,603,95202,0,random,0.0001,0.1,113408,0,,no_adaptation,,0.0,0.0,,False,False,3.1881537437438965,3.226515293121338,0.23008468747138977,1.0,4.722790718078613,0.05126953125,4.726670265197754,0.05224609375,3.1881537437438965,0.2294626384973526,1.0,4.66310977935791,0.0634765625,4.67188835144043,0.0634765625,,,,,,,
confirm-S-w64-d46219-s601-g00-random,confirm,S,64,46219,601,95203,0,random,0.0001,0.1,113408,0,,no_adaptation,,0.0,0.0,,False,False,3.1353349685668945,3.1816840171813965,0.23518383502960205,1.0,4.609633445739746,0.07421875,4.700235366821289,0.05712890625,3.1353349685668945,0.23514442145824432,1.0,4.513438701629639,0.09375,4.657422065734863,0.0634765625,,,,,,,
confirm-S-w64-d46219-s602-g00-random,confirm,S,64,46219,602,95203,0,random,0.0001,0.1,113408,0,,no_adaptation,,0.0,0.0,,False,False,3.174412250518799,3.211887836456299,0.23392918705940247,1.0,4.648141384124756,0.07421875,4.753593921661377,0.05712890625,3.174412250518799,0.2334114909172058,1.0,4.545310974121094,0.09375,4.744514465332031,0.0634765625,,,,,,,
confirm-S-w64-d46219-s603-g00-random,confirm,S,64,46219,603,95203,0,random,0.0001,0.1,113408,0,,no_adaptation,,0.0,0.0,,False,False,3.147830009460449,3.1733450889587402,0.22993285953998566,1.0,4.596762180328369,0.07421875,4.693341255187988,0.05712890625,3.147830009460449,0.22963358461856842,1.0,4.520866394042969,0.09375,4.692990303039551,0.0634765625,,,,,,,
confirm-U-w128-d41843-s601-g00-random,confirm,U,128,41843,601,95201,0,random,0.0001,0.1,621696,0,,no_adaptation,,0.0,0.0,,False,False,1.8760892152786255,1.8751424551010132,0.06081697344779968,1.0,2.781700611114502,0.076171875,2.7829103469848633,0.0703125,1.8760892152786255,0.060886479914188385,1.0,2.782255172729492,0.0703125,2.785125732421875,0.0654296875,,,,,,,
confirm-U-w128-d41843-s602-g00-random,confirm,U,128,41843,602,95201,0,random,0.0001,0.1,621696,0,,no_adaptation,,0.0,0.0,,False,False,1.875370740890503,1.873723030090332,0.05866425856947899,1.0,2.7802367210388184,0.076171875,2.7822682857513428,0.0703125,1.875370740890503,0.05867522209882736,1.0,2.78262996673584,0.0703125,2.784806966781616,0.0654296875,,,,,,,
confirm-U-w128-d41843-s603-g00-random,confirm,U,128,41843,603,95201,0,random,0.0001,0.1,621696,0,,no_adaptation,,0.0,0.0,,False,False,1.8757367134094238,1.8752543926239014,0.05992026999592781,1.0,2.7825796604156494,0.076171875,2.7832634449005127,0.0703125,1.8757367134094238,0.06012546271085739,1.0,2.7829761505126953,0.0703125,2.7841086387634277,0.0654296875,,,,,,,
confirm-U-w128-d43997-s601-g00-random,confirm,U,128,43997,601,95202,0,random,0.0001,0.1,621696,0,,no_adaptation,,0.0,0.0,,False,False,1.8761540651321411,1.8781465291976929,0.06137114390730858,1.0,2.785696029663086,0.05126953125,2.78737211227417,0.05224609375,1.8761540651321411,0.061210665851831436,1.0,2.7834482192993164,0.0634765625,2.7838032245635986,0.0634765625,,,,,,,
confirm-U-w128-d43997-s602-g00-random,confirm,U,128,43997,602,95202,0,random,0.0001,0.1,621696,0,,no_adaptation,,0.0,0.0,,False,False,1.8748456239700317,1.8768863677978516,0.05927058681845665,1.0,2.7852425575256348,0.05126953125,2.7861459255218506,0.05224609375,1.8748456239700317,0.059154681861400604,1.0,2.7826199531555176,0.0634765625,2.7827625274658203,0.0634765625,,,,,,,
confirm-U-w128-d43997-s603-g00-random,confirm,U,128,43997,603,95202,0,random,0.0001,0.1,621696,0,,no_adaptation,,0.0,0.0,,False,False,1.8771990537643433,1.8781535625457764,0.06044521555304527,1.0,2.787641763687134,0.05126953125,2.7863736152648926,0.05224609375,1.8771990537643433,0.06062342971563339,1.0,2.7858097553253174,0.0634765625,2.785163640975952,0.0634765625,,,,,,,
confirm-U-w128-d46219-s601-g00-random,confirm,U,128,46219,601,95203,0,random,0.0001,0.1,621696,0,,no_adaptation,,0.0,0.0,,False,False,1.8745347261428833,1.8756992816925049,0.0608689971268177,1.0,2.7815232276916504,0.07421875,2.784705638885498,0.0576171875,1.8745347261428833,0.06068297475576401,1.0,2.7788782119750977,0.09375,2.7840428352355957,0.0634765625,,,,,,,
confirm-U-w128-d46219-s602-g00-random,confirm,U,128,46219,602,95203,0,random,0.0001,0.1,621696,0,,no_adaptation,,0.0,0.0,,False,False,1.8729017972946167,1.8745718002319336,0.058614492416381836,1.0,2.781125783920288,0.07421875,2.783975601196289,0.05712890625,1.8729017972946167,0.05840430408716202,1.0,2.7779958248138428,0.09375,2.7823057174682617,0.0634765625,,,,,,,
confirm-U-w128-d46219-s603-g00-random,confirm,U,128,46219,603,95203,0,random,0.0001,0.1,621696,0,,no_adaptation,,0.0,0.0,,False,False,1.874553918838501,1.8762000799179077,0.06058558076620102,1.0,2.7825043201446533,0.07421875,2.785510301589966,0.05712890625,1.874553918838501,0.060493312776088715,1.0,2.779214859008789,0.09375,2.7839536666870117,0.0634765625,,,,,,,
confirm-U-w256-d41843-s601-g00-random,confirm,U,256,41843,601,95201,0,random,0.0001,0.1,3212800,0,,no_adaptation,,0.0,0.0,,False,False,1.8541489839553833,1.8537626266479492,0.009283510968089104,1.0,2.775820255279541,0.076171875,2.776184320449829,0.0703125,1.8541489839553833,0.009394774213433266,1.0,2.777064085006714,0.0703125,2.7759881019592285,0.0654296875,,,,,,,
confirm-U-w256-d41843-s602-g00-random,confirm,U,256,41843,602,95201,0,random,0.0001,0.1,3212800,0,,no_adaptation,,0.0,0.0,,False,False,1.8534854650497437,1.8533873558044434,0.009728541597723961,1.0,2.7747139930725098,0.076171875,2.7757198810577393,0.0703125,1.8534854650497437,0.009574825875461102,1.0,2.7749643325805664,0.0703125,2.775916814804077,0.0654296875,,,,,,,
confirm-U-w256-d41843-s603-g00-random,confirm,U,256,41843,603,95201,0,random,0.0001,0.1,3212800,0,,no_adaptation,,0.0,0.0,,False,False,1.8536875247955322,1.8531286716461182,0.009156115353107452,1.0,2.7751517295837402,0.076171875,2.775078773498535,0.0703125,1.8536875247955322,0.009140949696302414,1.0,2.7760090827941895,0.0703125,2.7759125232696533,0.0654296875,,,,,,,
confirm-U-w256-d43997-s601-g00-random,confirm,U,256,43997,601,95202,0,random,0.0001,0.1,3212800,0,,no_adaptation,,0.0,0.0,,False,False,1.8542850017547607,1.855262041091919,0.009240321815013885,1.0,2.7785825729370117,0.05126953125,2.777963638305664,0.05224609375,1.8542850017547607,0.009146463125944138,1.0,2.7767727375030518,0.0634765625,2.7769358158111572,0.0634765625,,,,,,,
confirm-U-w256-d43997-s602-g00-random,confirm,U,256,43997,602,95202,0,random,0.0001,0.1,3212800,0,,no_adaptation,,0.0,0.0,,False,False,1.8544926643371582,1.8557642698287964,0.010085532441735268,1.0,2.778735876083374,0.05126953125,2.7784714698791504,0.05224609375,1.8544926643371582,0.010021512396633625,1.0,2.7762675285339355,0.0634765625,2.777188777923584,0.0634765625,,,,,,,
confirm-U-w256-d43997-s603-g00-random,confirm,U,256,43997,603,95202,0,random,0.0001,0.1,3212800,0,,no_adaptation,,0.0,0.0,,False,False,1.853918433189392,1.8550482988357544,0.009221326559782028,1.0,2.778024673461914,0.05126953125,2.7778992652893066,0.05224609375,1.853918433189392,0.009207112714648247,1.0,2.7761192321777344,0.0634765625,2.77642822265625,0.0634765625,,,,,,,
confirm-U-w256-d46219-s601-g00-random,confirm,U,256,46219,601,95203,0,random,0.0001,0.1,3212800,0,,no_adaptation,,0.0,0.0,,False,False,1.8527820110321045,1.853511095046997,0.009128850884735584,1.0,2.7747960090637207,0.07421875,2.776608467102051,0.05712890625,1.8527820110321045,0.009101208299398422,1.0,2.7728097438812256,0.09375,2.776435375213623,0.0634765625,,,,,,,
confirm-U-w256-d46219-s602-g00-random,confirm,U,256,46219,602,95203,0,random,0.0001,0.1,3212800,0,,no_adaptation,,0.0,0.0,,False,False,1.8534011840820312,1.8545973300933838,0.009515216574072838,1.0,2.7767858505249023,0.07421875,2.7774910926818848,0.05712890625,1.8534011840820312,0.0094381645321846,1.0,2.774329900741577,0.09375,2.776435375213623,0.0634765625,,,,,,,
confirm-U-w256-d46219-s603-g00-random,confirm,U,256,46219,603,95203,0,random,0.0001,0.1,3212800,0,,no_adaptation,,0.0,0.0,,False,False,1.8524835109710693,1.8534965515136719,0.009377321228384972,1.0,2.7734413146972656,0.07421875,2.7776708602905273,0.05712890625,1.8524835109710693,0.009395722299814224,1.0,2.771657943725586,0.09375,2.7763969898223877,0.0634765625,,,,,,,
confirm-U-w64-d41843-s601-g00-random,confirm,U,64,41843,601,95201,0,random,0.0001,0.1,113408,0,,no_adaptation,,0.0,0.0,,False,False,2.0081028938293457,2.005410671234131,0.4131179749965668,1.0,2.7999489307403564,0.076171875,2.8031651973724365,0.0703125,2.0081028938293457,0.4167342185974121,1.0,2.8026578426361084,0.0703125,2.8049166202545166,0.0654296875,,,,,,,
confirm-U-w64-d41843-s602-g00-random,confirm,U,64,41843,602,95201,0,random,0.0001,0.1,113408,0,,no_adaptation,,0.0,0.0,,False,False,2.0058774948120117,2.0051205158233643,0.4083115756511688,1.0,2.8027262687683105,0.076171875,2.804324150085449,0.0703125,2.0058774948120117,0.4074753224849701,1.0,2.806218385696411,0.0703125,2.8039391040802,0.0654296875,,,,,,,
confirm-U-w64-d41843-s603-g00-random,confirm,U,64,41843,603,95201,0,random,0.0001,0.1,113408,0,,no_adaptation,,0.0,0.0,,False,False,2.00362491607666,2.0015721321105957,0.4083005487918854,1.0,2.7951741218566895,0.076171875,2.801241874694824,0.0703125,2.00362491607666,0.40916556119918823,1.0,2.7980453968048096,0.0703125,2.8036646842956543,0.0654296875,,,,,,,
confirm-U-w64-d43997-s601-g00-random,confirm,U,64,43997,601,95202,0,random,0.0001,0.1,113408,0,,no_adaptation,,0.0,0.0,,False,False,2.0178000926971436,2.0229179859161377,0.4370468258857727,1.0,2.813415050506592,0.05126953125,2.8182921409606934,0.05224609375,2.0178000926971436,0.4352942109107971,1.0,2.8082237243652344,0.0634765625,2.8098819255828857,0.0634765625,,,,,,,
confirm-U-w64-d43997-s602-g00-random,confirm,U,64,43997,602,95202,0,random,0.0001,0.1,113408,0,,no_adaptation,,0.0,0.0,,False,False,1.9975651502609253,2.003019332885742,0.3880644142627716,1.0,2.8115782737731934,0.05126953125,2.809415102005005,0.05224609375,1.9975651502609253,0.38701286911964417,1.0,2.8026719093322754,0.0634765625,2.8030104637145996,0.0634765625,,,,,,,
confirm-U-w64-d43997-s603-g00-random,confirm,U,64,43997,603,95202,0,random,0.0001,0.1,113408,0,,no_adaptation,,0.0,0.0,,False,False,2.004032850265503,2.0075650215148926,0.41101884841918945,1.0,2.8066811561584473,0.05126953125,2.804995059967041,0.05224609375,2.004032850265503,0.40992093086242676,1.0,2.800961494445801,0.0634765625,2.8012161254882812,0.0634765625,,,,,,,
confirm-U-w64-d46219-s601-g00-random,confirm,U,64,46219,601,95203,0,random,0.0001,0.1,113408,0,,no_adaptation,,0.0,0.0,,False,False,2.0145769119262695,2.0203495025634766,0.4432583749294281,1.0,2.804080009460449,0.07421875,2.8137102127075195,0.05712890625,2.0145769119262695,0.443195104598999,1.0,2.7916860580444336,0.09375,2.8088488578796387,0.0634765625,,,,,,,
confirm-U-w64-d46219-s602-g00-random,confirm,U,64,46219,602,95203,0,random,0.0001,0.1,113408,0,,no_adaptation,,0.0,0.0,,False,False,2.004779100418091,2.008897542953491,0.4132820665836334,1.0,2.8042068481445312,0.07421875,2.809203624725342,0.05712890625,2.004779100418091,0.41147953271865845,1.0,2.7953014373779297,0.09375,2.807556390762329,0.0634765625,,,,,,,
confirm-U-w64-d46219-s603-g00-random,confirm,U,64,46219,603,95203,0,random,0.0001,0.1,113408,0,,no_adaptation,,0.0,0.0,,False,False,2.004932165145874,2.0078465938568115,0.4236369729042053,1.0,2.795441150665283,0.07421875,2.80446195602417,0.05712890625,2.004932165145874,0.4219380021095276,1.0,2.7881975173950195,0.09375,2.8046610355377197,0.0634765625,,,,,,,
