epoch,effect,width,metric,data_seed,seed,value
30,reference,64,p,41843,601,
30,reference,64,mean_gain,41843,601,-1.0897869959007949
30,reference,128,p,41843,601,7.901574365289489
30,reference,128,mean_gain,41843,601,-2.1237751545850188
30,reference,256,p,41843,601,1.1744423728082949
30,reference,256,mean_gain,41843,601,-3.4459407482063398
30,reference,64,p,41843,602,
30,reference,64,mean_gain,41843,602,-1.0979092323686928
30,reference,128,p,41843,602,7.900149590028054
30,reference,128,mean_gain,41843,602,-2.1252469698665664
30,reference,256,p,41843,602,1.39180884857268
30,reference,256,mean_gain,41843,602,-3.434910484123975
30,reference,64,p,41843,603,
30,reference,64,mean_gain,41843,603,-1.0927899135276675
30,reference,128,p,41843,603,7.897340843690973
30,reference,128,mean_gain,41843,603,-2.1151382367825136
30,reference,256,p,41843,603,1.4542076448465118
30,reference,256,mean_gain,41843,603,-3.439079005853273
30,reference,64,p,43997,601,
30,reference,64,mean_gain,43997,601,-1.1199827049858868
30,reference,128,p,43997,601,7.91016849350137
30,reference,128,mean_gain,43997,601,-2.2253720035078004
30,reference,256,p,43997,601,1.7209982394605028
30,reference,256,mean_gain,43997,601,-3.5970896809594706
30,reference,64,p,43997,602,
30,reference,64,mean_gain,43997,602,-1.1672545596957207
30,reference,128,p,43997,602,7.910732396850068
30,reference,128,mean_gain,43997,602,-2.1999172761570662
30,reference,256,p,43997,602,0.9024742450663146
30,reference,256,mean_gain,43997,602,-3.542265879106708
30,reference,64,p,43997,603,
30,reference,64,mean_gain,43997,603,-1.1446106585208327
30,reference,128,p,43997,603,7.91406000886787
30,reference,128,mean_gain,43997,603,-2.212601158185862
30,reference,256,p,43997,603,1.3683176304191975
30,reference,256,mean_gain,43997,603,-3.544108093599789
30,reference,64,p,46219,601,
30,reference,64,mean_gain,46219,601,-1.0927193646784872
30,reference,128,p,46219,601,7.908203164813072
30,reference,128,mean_gain,46219,601,-2.1501382323913276
30,reference,256,p,46219,601,1.4102242431257872
30,reference,256,mean_gain,46219,601,-3.4931238129502162
30,reference,64,p,46219,602,
30,reference,64,mean_gain,46219,602,-1.097774631343782
30,reference,128,p,46219,602,7.909952166654965
30,reference,128,mean_gain,46219,602,-2.152514329762198
30,reference,256,p,46219,602,0.9998383158652868
30,reference,256,mean_gain,46219,602,-3.488723527174443
30,reference,64,p,46219,603,
30,reference,64,mean_gain,46219,603,-1.085532098542899
30,reference,128,p,46219,603,7.907397182310585
30,reference,128,mean_gain,46219,603,-2.1676534633152187
30,reference,256,p,46219,603,1.83420725181241
30,reference,256,mean_gain,46219,603,-3.4686601038556546
30,trajectory,64,p,41843,601,0.02561425081073221
30,trajectory,64,mean_gain,41843,601,0.10994648863561451
30,trajectory,128,p,41843,601,0.04141397054088372
30,trajectory,128,mean_gain,41843,601,0.03621681849472225
30,trajectory,256,p,41843,601,0.005783821943576073
30,trajectory,256,mean_gain,41843,601,-0.0357623090967536
30,trajectory,64,p,41843,602,-0.010606527144149142
30,trajectory,64,mean_gain,41843,602,0.15308161918073893
30,trajectory,128,p,41843,602,0.03070221260565842
30,trajectory,128,mean_gain,41843,602,0.05742572247982025
30,trajectory,256,p,41843,602,0.011388885386376169
30,trajectory,256,mean_gain,41843,602,-0.02190524316392839
30,trajectory,64,p,41843,603,0.021407688058097285
30,trajectory,64,mean_gain,41843,603,0.15680358395911753
30,trajectory,128,p,41843,603,0.04334305795128701
30,trajectory,128,mean_gain,41843,603,0.0864599640481174
30,trajectory,256,p,41843,603,-0.004158240051549078
30,trajectory,256,mean_gain,41843,603,-0.03551176143810153
30,trajectory,64,p,43997,601,0.01583300107393376
30,trajectory,64,mean_gain,43997,601,0.13075905945152044
30,trajectory,128,p,43997,601,0.036992541816474336
30,trajectory,128,mean_gain,43997,601,0.07268285471946001
30,trajectory,256,p,43997,601,-0.0025880511108276605
30,trajectory,256,mean_gain,43997,601,0.036436825059354305
30,trajectory,64,p,43997,602,0.0017202500543824634
30,trajectory,64,mean_gain,43997,602,0.14314708532765508
30,trajectory,128,p,43997,602,0.04287856222698033
30,trajectory,128,mean_gain,43997,602,0.05816393764689565
30,trajectory,256,p,43997,602,0.007969860363924733
30,trajectory,256,mean_gain,43997,602,-0.06477879919111729
30,trajectory,64,p,43997,603,0.02845547350606774
30,trajectory,64,mean_gain,43997,603,0.13433881825767457
30,trajectory,128,p,43997,603,0.04469067150730156
30,trajectory,128,mean_gain,43997,603,0.07636052835732698
30,trajectory,256,p,43997,603,0.005677431518871956
30,trajectory,256,mean_gain,43997,603,-0.0918776961043477
30,trajectory,64,p,46219,601,0.019197589033279797
30,trajectory,64,mean_gain,46219,601,0.14955559256486595
30,trajectory,128,p,46219,601,0.04204079616682596
30,trajectory,128,mean_gain,46219,601,0.07782661984674633
30,trajectory,256,p,46219,601,-0.006313196524628695
30,trajectory,256,mean_gain,46219,601,-0.009043486090376973
30,trajectory,64,p,46219,602,0.0015827402209578761
30,trajectory,64,mean_gain,46219,602,0.12623412138782442
30,trajectory,128,p,46219,602,0.05024390938721261
30,trajectory,128,mean_gain,46219,602,0.06654089596122503
30,trajectory,256,p,46219,602,0.0063503678406101605
30,trajectory,256,mean_gain,46219,602,-0.06936658429913223
30,trajectory,64,p,46219,603,0.01368824975055144
30,trajectory,64,mean_gain,46219,603,0.14442451996728778
30,trajectory,128,p,46219,603,0.037059397488923215
30,trajectory,128,mean_gain,46219,603,0.11460980330593884
30,trajectory,256,p,46219,603,0.001826311655360291
30,trajectory,256,mean_gain,46219,603,-0.022213105112314224
30,interaction,64,p,41843,601,
30,interaction,64,mean_gain,41843,601,0.0
30,interaction,128,p,41843,601,-0.04141397054088372
30,interaction,128,mean_gain,41843,601,4.656612873077393e-10
30,interaction,256,p,41843,601,0.1349187665626127
30,interaction,256,mean_gain,41843,601,0.0
30,interaction,64,p,41843,602,
30,interaction,64,mean_gain,41843,602,0.0
30,interaction,128,p,41843,602,-0.03070221256645067
30,interaction,128,mean_gain,41843,602,-3.259629011154175e-09
30,interaction,256,p,41843,602,0.1230204717895027
30,interaction,256,mean_gain,41843,602,-2.9103830456733704e-09
30,interaction,64,p,41843,603,
30,interaction,64,mean_gain,41843,603,-4.656612873077393e-10
30,interaction,128,p,41843,603,-0.532522755158475
30,interaction,128,mean_gain,41843,603,7.566995918750763e-09
30,interaction,256,p,41843,603,0.14891932744235337
30,interaction,256,mean_gain,41843,603,1.6298145055770874e-09
30,interaction,64,p,43997,601,
30,interaction,64,mean_gain,43997,601,0.0
30,interaction,128,p,43997,601,-3.2952668109348564
30,interaction,128,mean_gain,43997,601,6.05359673500061e-09
30,interaction,256,p,43997,601,-0.2014206285805053
30,interaction,256,mean_gain,43997,601,-3.4924596548080444e-09
30,interaction,64,p,43997,602,
30,interaction,64,mean_gain,43997,602,2.3283064365386963e-10
30,interaction,128,p,43997,602,-2.7768453598823486
30,interaction,128,mean_gain,43997,602,3.725290298461914e-09
30,interaction,256,p,43997,602,0.18382015101657284
30,interaction,256,mean_gain,43997,602,-2.7939677238464355e-09
30,interaction,64,p,43997,603,
30,interaction,64,mean_gain,43997,603,4.656612873077393e-10
30,interaction,128,p,43997,603,-0.7077280599964767
30,interaction,128,mean_gain,43997,603,2.9103830456733704e-09
30,interaction,256,p,43997,603,0.4801236449547492
30,interaction,256,mean_gain,43997,603,1.1292286217212677e-08
30,interaction,64,p,46219,601,
30,interaction,64,mean_gain,46219,601,1.1641532182693481e-10
30,interaction,128,p,46219,601,-3.382678338964735
30,interaction,128,mean_gain,46219,601,4.307366907596588e-09
30,interaction,256,p,46219,601,-0.001416290855545621
30,interaction,256,mean_gain,46219,601,8.149072527885437e-10
30,interaction,64,p,46219,602,
30,interaction,64,mean_gain,46219,602,0.0
30,interaction,128,p,46219,602,-3.1366692520668327
30,interaction,128,mean_gain,46219,602,6.984919309616089e-10
30,interaction,256,p,46219,602,0.2076547016996081
30,interaction,256,mean_gain,46219,602,6.984919309616089e-10
30,interaction,64,p,46219,603,
30,interaction,64,mean_gain,46219,603,4.656612873077393e-10
30,interaction,128,p,46219,603,-2.721179121458834
30,interaction,128,mean_gain,46219,603,-9.313225746154785e-10
30,interaction,256,p,46219,603,0.14359430828839126
30,interaction,256,mean_gain,46219,603,2.9103830456733704e-09
30,total,64,p,41843,601,1.1469269303201928
30,total,64,mean_gain,41843,601,-0.9798405072651803
30,total,128,p,41843,601,7.901574365289489
30,total,128,mean_gain,41843,601,-2.087558335624635
30,total,256,p,41843,601,1.3151449613144837
30,total,256,mean_gain,41843,601,-3.4817030573030934
30,total,64,p,41843,602,0.43929539820439967
30,total,64,mean_gain,41843,602,-0.9448276131879538
30,total,128,p,41843,602,7.900149590067262
30,total,128,mean_gain,41843,602,-2.067821250646375
30,total,256,p,41843,602,1.526218205748559
30,total,256,mean_gain,41843,602,-3.4568157301982865
30,total,64,p,41843,603,1.2239649026720834
30,total,64,mean_gain,41843,603,-0.9359863300342113
30,total,128,p,41843,603,7.408161146483785
30,total,128,mean_gain,41843,603,-2.0286782651674002
30,total,256,p,41843,603,1.598968732237316
30,total,256,mean_gain,41843,603,-3.47459076566156
30,total,64,p,43997,601,0.751554501506345
30,total,64,mean_gain,43997,601,-0.9892236455343664
30,total,128,p,43997,601,4.651894224382988
30,total,128,mean_gain,43997,601,-2.1526891427347437
30,total,256,p,43997,601,1.5169895597691698
30,total,256,mean_gain,43997,601,-3.560652859392576
30,total,64,p,43997,602,0.638520963593995
30,total,64,mean_gain,43997,602,-1.024107474135235
30,total,128,p,43997,602,5.1767655991947
30,total,128,mean_gain,43997,602,-2.1417533347848803
30,total,256,p,43997,602,1.0942642564468121
30,total,256,mean_gain,43997,602,-3.607044681091793
30,total,64,p,43997,603,1.3651683915673136
30,total,64,mean_gain,43997,603,-1.0102718397974968
30,total,128,p,43997,603,7.251022620378695
30,total,128,mean_gain,43997,603,-2.136240626918152
30,total,256,p,43997,603,1.8541187068928187
30,total,256,mean_gain,43997,603,-3.6359857784118503
30,total,64,p,46219,601,0.8734197220761712
30,total,64,mean_gain,46219,601,-0.9431637719972059
30,total,128,p,46219,601,4.567565622015163
30,total,128,mean_gain,46219,601,-2.0723116082372144
30,total,256,p,46219,601,1.4024947557456129
30,total,256,mean_gain,46219,601,-3.502167298225686
30,total,64,p,46219,602,0.9212655541951744
30,total,64,mean_gain,46219,602,-0.9715405099559575
30,total,128,p,46219,602,4.823526823975345
30,total,128,mean_gain,46219,602,-2.085973433102481
30,total,256,p,46219,602,1.213843385405505
30,total,256,mean_gain,46219,602,-3.5580901107750833
30,total,64,p,46219,603,0.7308703581333056
30,total,64,mean_gain,46219,603,-0.9411075781099498
30,total,128,p,46219,603,5.223277458340674
30,total,128,mean_gain,46219,603,-2.0530436609406024
30,total,256,p,46219,603,1.9796278717561615
30,total,256,mean_gain,46219,603,-3.4908732060575858
60,reference,64,p,41843,601,7.26808198204052
60,reference,64,mean_gain,41843,601,-1.0897869961336255
60,reference,128,p,41843,601,2.109386669400262
60,reference,128,mean_gain,41843,601,-2.123775154235773
60,reference,256,p,41843,601,0.08460583650017692
60,reference,256,mean_gain,41843,601,-3.4459407496033236
60,reference,64,p,41843,602,5.436810740888981
60,reference,64,mean_gain,41843,602,-1.0979092312045395
60,reference,128,p,41843,602,1.7347580791838455
60,reference,128,mean_gain,41843,602,-2.1252469695173204
60,reference,256,p,41843,602,0.13390706456048262
60,reference,256,mean_gain,41843,602,-3.434910493553616
60,reference,64,p,41843,603,7.810278454022127
60,reference,64,mean_gain,41843,603,-1.0927899128291756
60,reference,128,p,41843,603,1.7897285029171643
60,reference,128,mean_gain,41843,603,-2.115138234803453
60,reference,256,p,41843,603,0.18941576038558944
60,reference,256,mean_gain,41843,603,-3.4390790079487488
60,reference,64,p,43997,601,2.961020877227142
60,reference,64,mean_gain,43997,601,-1.119982703588903
60,reference,128,p,43997,601,1.6325164191910193
60,reference,128,mean_gain,43997,601,-2.225372001179494
60,reference,256,p,43997,601,0.11987825761667814
60,reference,256,mean_gain,43997,601,-3.59708967176266
60,reference,64,p,43997,602,5.411138401600411
60,reference,64,mean_gain,43997,602,-1.167254562024027
60,reference,128,p,43997,602,1.3231895533441205
60,reference,128,mean_gain,43997,602,-2.199917280115187
60,reference,256,p,43997,602,0.14660677043121167
60,reference,256,mean_gain,43997,602,-3.542265886673704
60,reference,64,p,43997,603,7.844800025766012
60,reference,64,mean_gain,43997,603,-1.1446106609655544
60,reference,128,p,43997,603,1.808565833360006
60,reference,128,mean_gain,43997,603,-2.212601152365096
60,reference,256,p,43997,603,0.1416144940740292
60,reference,256,mean_gain,43997,603,-3.54410809755791
60,reference,64,p,46219,601,3.507036152815103
60,reference,64,mean_gain,46219,601,-1.0927193644456565
60,reference,128,p,46219,601,1.6140641813959078
60,reference,128,mean_gain,46219,601,-2.1501382329734042
60,reference,256,p,46219,601,0.16644604346759936
60,reference,256,mean_gain,46219,601,-3.4931238142307848
60,reference,64,p,46219,602,5.011463383701776
60,reference,64,mean_gain,46219,602,-1.097774631343782
60,reference,128,p,46219,602,1.3466089809791597
60,reference,128,mean_gain,46219,602,-2.15251433220692
60,reference,256,p,46219,602,0.06658761324627224
60,reference,256,mean_gain,46219,602,-3.4887235267087817
60,reference,64,p,46219,603,7.840945598286143
60,reference,64,mean_gain,46219,603,-1.0855320999398828
60,reference,128,p,46219,603,1.6513418286248776
60,reference,128,mean_gain,46219,603,-2.167653468786739
60,reference,256,p,46219,603,0.17248930312999644
60,reference,256,mean_gain,46219,603,-3.4686601012945175
60,trajectory,64,p,41843,601,-0.008649416141558453
60,trajectory,64,mean_gain,41843,601,0.10948768956586719
60,trajectory,128,p,41843,601,-0.007902366338970734
60,trajectory,128,mean_gain,41843,601,0.02462900965474546
60,trajectory,256,p,41843,601,0.033628251619607
60,trajectory,256,mean_gain,41843,601,-0.2511942586861551
60,trajectory,64,p,41843,602,-0.04550869906737892
60,trajectory,64,mean_gain,41843,602,0.0358901449944824
60,trajectory,128,p,41843,602,-0.009496101624477338
60,trajectory,128,mean_gain,41843,602,0.10576502280309796
60,trajectory,256,p,41843,602,0.007179093324649416
60,trajectory,256,mean_gain,41843,602,-0.05493178986944258
60,trajectory,64,p,41843,603,-0.03563757288418312
60,trajectory,64,mean_gain,41843,603,0.11644268524833024
60,trajectory,128,p,41843,603,-0.007002069800296606
60,trajectory,128,mean_gain,41843,603,0.08750594616867602
60,trajectory,256,p,41843,603,0.010556999273962323
60,trajectory,256,mean_gain,41843,603,-0.08842478366568685
60,trajectory,64,p,43997,601,-0.016209718282730115
60,trajectory,64,mean_gain,43997,601,0.08393801003694534
60,trajectory,128,p,43997,601,-0.008198665444094255
60,trajectory,128,mean_gain,43997,601,0.0348688536323607
60,trajectory,256,p,43997,601,0.030325699972876985
60,trajectory,256,mean_gain,43997,601,-0.25510679208673537
60,trajectory,64,p,43997,602,-0.044091987534184585
60,trajectory,64,mean_gain,43997,602,0.07180220261216164
60,trajectory,128,p,43997,602,-0.007081085644968954
60,trajectory,128,mean_gain,43997,602,0.06263991608284414
60,trajectory,256,p,43997,602,0.006012699681074332
60,trajectory,256,mean_gain,43997,602,-0.026497598737478256
60,trajectory,64,p,43997,603,-0.0116821908310768
60,trajectory,64,mean_gain,43997,603,0.12241176865063608
60,trajectory,128,p,43997,603,0.001412015625339269
60,trajectory,128,mean_gain,43997,603,0.042337135411798954
60,trajectory,256,p,43997,603,0.02179275160331738
60,trajectory,256,mean_gain,43997,603,-0.19020219496451318
60,trajectory,64,p,46219,601,-0.012945716458824474
60,trajectory,64,mean_gain,46219,601,0.07642851467244327
60,trajectory,128,p,46219,601,-0.005841934683117556
60,trajectory,128,mean_gain,46219,601,0.055931610288098454
60,trajectory,256,p,46219,601,0.019237806291079323
60,trajectory,256,mean_gain,46219,601,-0.12945371447131038
60,trajectory,64,p,46219,602,-0.03539031067226628
60,trajectory,64,mean_gain,46219,602,0.04884127411060035
60,trajectory,128,p,46219,602,-0.0017250134250816895
60,trajectory,128,mean_gain,46219,602,0.10720572480931878
60,trajectory,256,p,46219,602,0.036484913119704435
60,trajectory,256,mean_gain,46219,602,-0.28581889159977436
60,trajectory,64,p,46219,603,-0.01526445741968624
60,trajectory,64,mean_gain,46219,603,0.168248567963019
60,trajectory,128,p,46219,603,-0.0055891471185343655
60,trajectory,128,mean_gain,46219,603,0.06782917585223913
60,trajectory,256,p,46219,603,0.017018371768796406
60,trajectory,256,mean_gain,46219,603,-0.1587096368893981
60,interaction,64,p,41843,601,-5.357887289713233
60,interaction,64,mean_gain,41843,601,0.0
60,interaction,128,p,41843,601,-0.25208899806935575
60,interaction,128,mean_gain,41843,601,7.916241884231567e-09
60,interaction,256,p,41843,601,0.10526148302210434
60,interaction,256,mean_gain,41843,601,-3.3760443329811096e-09
60,interaction,64,p,41843,602,-2.7776920895031316
60,interaction,64,mean_gain,41843,602,-4.656612873077393e-10
60,interaction,128,p,41843,602,-0.5217525609171226
60,interaction,128,mean_gain,41843,602,1.0477378964424133e-09
60,interaction,256,p,41843,602,0.02233510936019309
60,interaction,256,mean_gain,41843,602,9.313225746154785e-09
60,interaction,64,p,41843,603,-5.9571266303150985
60,interaction,64,mean_gain,41843,603,-1.862645149230957e-09
60,interaction,128,p,41843,603,-0.46982883651756513
60,interaction,128,mean_gain,41843,603,-1.3969838619232178e-09
60,interaction,256,p,41843,603,0.04661684574009399
60,interaction,256,mean_gain,41843,603,7.799826562404633e-09
60,interaction,64,p,43997,601,-1.7094502058593712
60,interaction,64,mean_gain,43997,601,-3.6088749766349792e-09
60,interaction,128,p,43997,601,-0.20787718553661744
60,interaction,128,mean_gain,43997,601,5.704350769519806e-09
60,interaction,256,p,43997,601,0.11678252815747853
60,interaction,256,mean_gain,43997,601,-9.546056389808655e-09
60,interaction,64,p,43997,602,-3.6518900209444967
60,interaction,64,mean_gain,43997,602,3.4924596548080444e-09
60,interaction,128,p,43997,602,-0.25319348165677963
60,interaction,128,mean_gain,43997,602,4.0745362639427185e-09
60,interaction,256,p,43997,602,0.017379647923446026
60,interaction,256,mean_gain,43997,602,-5.820766091346741e-10
60,interaction,64,p,43997,603,-5.753813618684036
60,interaction,64,mean_gain,43997,603,4.307366907596588e-09
60,interaction,128,p,43997,603,-0.2597434427158339
60,interaction,128,mean_gain,43997,603,-7.683411240577698e-09
60,interaction,256,p,43997,603,0.08703867601156141
60,interaction,256,mean_gain,43997,603,6.984919309616089e-09
60,interaction,64,p,46219,601,-1.8152718897934368
60,interaction,64,mean_gain,46219,601,-2.3283064365386963e-10
60,interaction,128,p,46219,601,-0.30234951620808004
60,interaction,128,mean_gain,46219,601,3.259629011154175e-09
60,interaction,256,p,46219,601,0.0748830080229064
60,interaction,256,mean_gain,46219,601,2.7939677238464355e-09
60,interaction,64,p,46219,602,-2.6600789288461693
60,interaction,64,mean_gain,46219,602,-3.4924596548080444e-10
60,interaction,128,p,46219,602,-0.36063035349758743
60,interaction,128,mean_gain,46219,602,-2.561137080192566e-09
60,interaction,256,p,46219,602,0.10539935575930422
60,interaction,256,mean_gain,46219,602,-6.6356733441352844e-09
60,interaction,64,p,46219,603,-6.042407574513855
60,interaction,64,mean_gain,46219,603,-1.1641532182693481e-10
60,interaction,128,p,46219,603,-0.3499656975281917
60,interaction,128,mean_gain,46219,603,3.259629011154175e-09
60,interaction,256,p,46219,603,0.07664271054442572
60,interaction,256,mean_gain,46219,603,3.3760443329811096e-09
60,total,64,p,41843,601,1.9015452761857283
60,total,64,mean_gain,41843,601,-0.9802993065677583
60,total,128,p,41843,601,1.8493953049919356
60,total,128,mean_gain,41843,601,-2.0991461366647854
60,total,256,p,41843,601,0.22349557114188826
60,total,256,mean_gain,41843,601,-3.697135011665523
60,total,64,p,41843,602,2.61360995231847
60,total,64,mean_gain,41843,602,-1.0620190866757184
60,total,128,p,41843,602,1.2035094166422455
60,total,128,mean_gain,41843,602,-2.0194819456664845
60,total,256,p,41843,602,0.16342126724532513
60,total,256,mean_gain,41843,602,-3.489842274109833
60,total,64,p,41843,603,1.8175142508228455
60,total,64,mean_gain,41843,603,-0.9763472294434905
60,total,128,p,41843,603,1.3128975965993026
60,total,128,mean_gain,41843,603,-2.027632290031761
60,total,256,p,41843,603,0.24658960539964575
60,total,256,mean_gain,41843,603,-3.527503783814609
60,total,64,p,43997,601,1.2353609530850405
60,total,64,mean_gain,43997,601,-1.0360446971608326
60,total,128,p,43997,601,1.4164405682103076
60,total,128,mean_gain,43997,601,-2.1905031418427825
60,total,256,p,43997,601,0.26698648574703365
60,total,256,mean_gain,43997,601,-3.852196473395452
60,total,64,p,43997,602,1.7151563931217297
60,total,64,mean_gain,43997,602,-1.0954523559194058
60,total,128,p,43997,602,1.062914986042372
60,total,128,mean_gain,43997,602,-2.1372773599578068
60,total,256,p,43997,602,0.16999911803573203
60,total,256,mean_gain,43997,602,-3.5687634859932587
60,total,64,p,43997,603,2.0793042162509
60,total,64,mean_gain,43997,603,-1.0221988880075514
60,total,128,p,43997,603,1.5502344062695115
60,total,128,mean_gain,43997,603,-2.170264024636708
60,total,256,p,43997,603,0.250445921688908
60,total,256,mean_gain,43997,603,-3.7343102855375037
60,total,64,p,46219,601,1.678818546562842
60,total,64,mean_gain,46219,601,-1.016290850006044
60,total,128,p,46219,601,1.3058727305047102
60,total,128,mean_gain,46219,601,-2.0942066194256768
60,total,256,p,46219,601,0.26056685778158506
60,total,256,mean_gain,46219,601,-3.6225775259081274
60,total,64,p,46219,602,2.3159941441833403
60,total,64,mean_gain,46219,602,-1.0489333575824276
60,total,128,p,46219,602,0.9842536140564906
60,total,128,mean_gain,46219,602,-2.045308609958738
60,total,256,p,46219,602,0.2084718821252809
60,total,256,mean_gain,46219,602,-3.7745424249442294
60,total,64,p,46219,603,1.7832735663526014
60,total,64,mean_gain,46219,603,-0.9172835320932791
60,total,128,p,46219,603,1.2957869839781515
60,total,128,mean_gain,46219,603,-2.0998242896748707
60,total,256,p,46219,603,0.26615038544321856
60,total,256,mean_gain,46219,603,-3.6273697348078713
