source,width,data_seed,seed,split,nll,shared,group,instance
stage2_tuning_retrospective,64,31415,101,train,3.2698512077331543,0.2329891473054886,4.842279434204102,4.7342848777771
stage2_tuning_retrospective,64,31415,101,validation,3.261826753616333,0.23341940343379974,4.859374046325684,4.692686557769775
stage2_tuning_retrospective,64,16180,102,train,3.217719554901123,0.2387079894542694,4.727802276611328,4.686647891998291
stage2_tuning_retrospective,64,16180,102,validation,3.207843065261841,0.2385360449552536,4.683107852935791,4.70188570022583
stage2_tuning_retrospective,128,31415,101,train,4.226077556610107,0.04753834381699562,6.404093265533447,6.2266011238098145
stage2_tuning_retrospective,128,31415,101,validation,4.20232629776001,0.04755676910281181,6.374676704406738,6.184744358062744
stage2_tuning_retrospective,128,16180,102,train,4.205532073974609,0.047123417258262634,6.3376359939575195,6.231838226318359
stage2_tuning_retrospective,128,16180,102,validation,4.18466329574585,0.047263484448194504,6.295458793640137,6.211267471313477
stage2_tuning_retrospective,256,31415,101,train,5.464904308319092,0.008063698187470436,8.285120010375977,8.101529121398926
stage2_tuning_retrospective,256,31415,101,validation,5.440459728240967,0.008130664005875587,8.27265739440918,8.0405912399292
stage2_tuning_retrospective,256,16180,102,train,5.470731258392334,0.007741011679172516,8.27529525756836,8.129156112670898
stage2_tuning_retrospective,256,16180,102,validation,5.460794448852539,0.0077417087741196156,8.240463256835938,8.134178161621094
fresh_confirmation,128,22360,301,train,4.140284061431885,0.04871021583676338,6.178281784057617,6.1938605308532715
fresh_confirmation,128,22360,301,validation,4.128876209259033,0.04879627749323845,6.204328536987305,6.133504390716553
fresh_confirmation,128,22360,302,train,4.165266513824463,0.04874752089381218,6.22035026550293,6.226700782775879
fresh_confirmation,128,22360,302,validation,4.156578540802002,0.04869283735752106,6.248085975646973,6.172956466674805
fresh_confirmation,128,22360,303,train,4.1179938316345215,0.04936780408024788,6.140111923217773,6.164502143859863
fresh_confirmation,128,22360,303,validation,4.11985969543457,0.04951317608356476,6.1829938888549805,6.127071857452393
fresh_confirmation,128,24494,301,train,4.092189788818359,0.04866877198219299,6.1157026290893555,6.1121978759765625
fresh_confirmation,128,24494,301,validation,4.129752159118652,0.04850432276725769,6.1522216796875,6.188529968261719
fresh_confirmation,128,24494,302,train,4.127038955688477,0.04865112155675888,6.17841100692749,6.154054164886475
fresh_confirmation,128,24494,302,validation,4.153602600097656,0.0485842227935791,6.190898895263672,6.221324443817139
fresh_confirmation,128,24494,303,train,4.086299896240234,0.04949402064085007,6.115891933441162,6.093514919281006
fresh_confirmation,128,24494,303,validation,4.121701240539551,0.04947037249803543,6.142309188842773,6.173323154449463
fresh_confirmation,128,26457,301,train,4.113376140594482,0.04863741993904114,6.141108989715576,6.150381565093994
fresh_confirmation,128,26457,301,validation,4.119114875793457,0.04866855964064598,6.112697601318359,6.195979118347168
fresh_confirmation,128,26457,302,train,4.137940883636475,0.04871305823326111,6.178896903991699,6.18621301651001
fresh_confirmation,128,26457,302,validation,4.146139621734619,0.048780329525470734,6.134700298309326,6.254938125610352
fresh_confirmation,128,26457,303,train,4.11989164352417,0.049323670566082,6.164013385772705,6.146337509155273
fresh_confirmation,128,26457,303,validation,4.126702785491943,0.04948560148477554,6.131817817687988,6.19880485534668
fresh_confirmation,256,22360,301,train,5.4302520751953125,0.00779200904071331,8.132367134094238,8.150595664978027
fresh_confirmation,256,22360,301,validation,5.425314426422119,0.007804863154888153,8.19209098815918,8.07604694366455
fresh_confirmation,256,22360,302,train,5.386496067047119,0.008376240730285645,8.055057525634766,8.096055030822754
fresh_confirmation,256,22360,302,validation,5.363860607147217,0.008410672657191753,8.087686538696289,7.995484352111816
fresh_confirmation,256,22360,303,train,5.410661220550537,0.008069483563303947,8.083633422851562,8.140279769897461
fresh_confirmation,256,22360,303,validation,5.4034247398376465,0.008111424744129181,8.139923095703125,8.062238693237305
fresh_confirmation,256,24494,301,train,5.3818559646606445,0.0078020282089710236,8.094975471496582,8.042789459228516
fresh_confirmation,256,24494,301,validation,5.426294803619385,0.007816322147846222,8.112483978271484,8.15858268737793
fresh_confirmation,256,24494,302,train,5.31640625,0.00832753162831068,7.968153953552246,7.972736358642578
fresh_confirmation,256,24494,302,validation,5.37393856048584,0.00827772356569767,8.013263702392578,8.100275993347168
fresh_confirmation,256,24494,303,train,5.370584487915039,0.008188271895051003,8.042417526245117,8.061145782470703
fresh_confirmation,256,24494,303,validation,5.424349784851074,0.008139228448271751,8.092724800109863,8.172184944152832
fresh_confirmation,256,26457,301,train,5.408096790313721,0.007890386506915092,8.11312484741211,8.103277206420898
fresh_confirmation,256,26457,301,validation,5.398995876312256,0.007937495596706867,8.055397987365723,8.13365364074707
fresh_confirmation,256,26457,302,train,5.369042873382568,0.008428565226495266,8.04503345489502,8.053667068481445
fresh_confirmation,256,26457,302,validation,5.370198726654053,0.008435966446995735,8.000574111938477,8.10158634185791
fresh_confirmation,256,26457,303,train,5.396364212036133,0.007982293143868446,8.037147521972656,8.143962860107422
fresh_confirmation,256,26457,303,validation,5.39872932434082,0.008007091470062733,7.988680362701416,8.199498176574707
fresh_confirmation,64,22360,301,train,3.206191062927246,0.2303726077079773,4.686738967895508,4.7014617919921875
fresh_confirmation,64,22360,301,validation,3.209644079208374,0.23091107606887817,4.709778785705566,4.688242435455322
fresh_confirmation,64,22360,302,train,3.223700761795044,0.23169445991516113,4.720320701599121,4.719087600708008
fresh_confirmation,64,22360,302,validation,3.227299451828003,0.2321625053882599,4.756339073181152,4.69339656829834
fresh_confirmation,64,22360,303,train,3.2190754413604736,0.24141725897789001,4.713649749755859,4.702159881591797
fresh_confirmation,64,22360,303,validation,3.2168657779693604,0.2414586842060089,4.741598129272461,4.66754150390625
fresh_confirmation,64,24494,301,train,3.1888115406036377,0.2303299754858017,4.6730804443359375,4.66302490234375
fresh_confirmation,64,24494,301,validation,3.2206695079803467,0.23033973574638367,4.699374198913574,4.732294082641602
fresh_confirmation,64,24494,302,train,3.197885751724243,0.23310326039791107,4.6884050369262695,4.672148704528809
fresh_confirmation,64,24494,302,validation,3.2282776832580566,0.23323145508766174,4.728385925292969,4.723216533660889
fresh_confirmation,64,24494,303,train,3.2138872146606445,0.24168872833251953,4.732402801513672,4.667569637298584
fresh_confirmation,64,24494,303,validation,3.2515227794647217,0.2415338009595871,4.7630391120910645,4.749995708465576
fresh_confirmation,64,26457,301,train,3.183044195175171,0.22954951226711273,4.6566619873046875,4.6629204750061035
fresh_confirmation,64,26457,301,validation,3.2035820484161377,0.22983229160308838,4.6380486488342285,4.742864608764648
fresh_confirmation,64,26457,302,train,3.225705623626709,0.23047348856925964,4.744590759277344,4.702052116394043
fresh_confirmation,64,26457,302,validation,3.2167105674743652,0.23036956787109375,4.716647624969482,4.703113555908203
fresh_confirmation,64,26457,303,train,3.218209743499756,0.24186357855796814,4.7183003425598145,4.694465637207031
fresh_confirmation,64,26457,303,validation,3.205901622772217,0.24176250398159027,4.690566062927246,4.6853766441345215
