"identity","corpus","seed","point","p","objective","rms","gradient","hessian","linear_surrogate_objective","quadratic_objective_taylor","linear_objective_error","quadratic_objective_error","linear_mass_K_remainder","quadratic_mass_K_remainder","linear_mass_L1_bound","quadratic_mass_L1_bound","linear_objective_error_bound","quadratic_objective_error_bound","p_log_range"
"d91620101-s91640101","91620101","91640101","zero","0","7.493624184326175E-06","0.002737448480670673","-0.0006924251986425748","0.032236662804079136","7.493624184326175E-06","7.493624184326175E-06","0","0","0","0","0","0","0","0","0"
"d91620101-s91640101","91620101","91640101","saved_fit","0.021496872360588698","5.322190847077961E-08","0.00023069873963847226","-6.496119174978807E-12","0.032182499469690075","5.351094795112854E-08","5.717918798873484E-08","2.890394803489294E-10","3.9572795179552275E-09","5.0944248857152145E-06","4.484276513870574E-08","0.0002181813132935097","1.181674211671959E-05","1.4854437987319794E-07","9.598963022481361E-09","0.029541923653920013"
"d91620101-s91640101","91620101","91640101","linear_projection","0.021490015119321512","5.3222665154319816E-08","0.0002307003796145984","-2.2068972487513115E-07","0.032182518519937496","5.351019041210862E-08","5.717609057490788E-08","2.8752525778880614E-10","3.9534254205880645E-09","5.091173594136063E-06","4.479987613101204E-08","0.0002180421411146185","1.1805437531744206E-05","1.4841856783597836E-07","9.589673084951012E-09","0.029532500138973572"
"d91620101-s91640101","91620101","91640101","objective_taylor","0.021479431752934344","5.322680313912576E-08","0.00023070934774977315","-5.612892652115111E-07","0.032182547919595836","5.3511994899326877E-08","5.71742851985791E-08","2.851917602011152E-10","3.947482059453339E-09","5.086157637157415E-06","4.473373557324517E-08","0.00021782743194591114","1.1788004354154444E-05","1.4822734763397712E-07","9.575498968658423E-09","0.02951795602313352"
"d91620101-s91640151","91620101","91640151","zero","0","5.6803239768131595E-06","0.0023833430254189512","-0.0005833033200796473","0.030370581475869088","5.6803239768131595E-06","5.6803239768131595E-06","0","0","0","0","0","0","0","0","0"
"d91620101-s91640151","91620101","91640151","saved_fit","0.01919524501299659","8.097423298833176E-08","0.00028455971778931","2.30144785972751E-12","0.03040395341537869","8.174520870954814E-08","7.880704693216011E-08","7.709757212163833E-10","2.167186056171647E-09","3.915328185780708E-06","2.8727038199172752E-08","0.0001758051875897861","8.547103427012041E-06","1.31436804854937E-07","7.105096529980299E-09","0.026518309719119438"
"d91620101-s91640151","91620101","91640151","linear_projection","0.01919611490925919","8.097424449396653E-08","0.000284559738005865","2.6450587468105612E-08","0.030403954753693375","8.174519721250813E-08","7.880676912397204E-08","7.70952718541608E-10","2.1674753699944847E-09","3.915682951951997E-06","2.873094458055126E-08","0.00017582112234246507","8.548265500787064E-06","1.3145151271132427E-07","7.106073705360504E-09","0.026519511484374297"
"d91620101-s91640151","91620101","91640151","objective_taylor","0.019206195328960375","8.097605587407554E-08","0.00028456292076459215","3.329352901317586E-07","0.03040397026102669","8.174674107402067E-08","7.880522607275854E-08","7.706851999451278E-10","2.170829801317006E-09","3.919795178888881E-06","2.877623754473936E-08","0.00017600582805708717","8.561739377553994E-06","1.3162306640440385E-07","7.117454449101225E-09","0.02653343762553862"
"d91620102-s91640201","91620102","91640201","zero","0","2.632275196105979E-06","0.0016224287953885616","-0.00040320419071885217","0.03255669499090502","2.632275196105979E-06","2.632275196105979E-06","0","0","0","0","0","0","0","0","0"
"d91620102-s91640201","91620102","91640201","saved_fit","0.012386107388611452","1.3531411824453462E-07","0.0003678506738399899","7.44535442750659E-12","0.0325485541105573","1.3600221866105167E-07","1.354981538777707E-07","6.88100416517048E-10","1.8403563323607892E-10","1.7031480202297623E-06","8.694993978312477E-09","7.211124605883878E-05","2.245308035315215E-06","5.8387092754128377E-08","1.846829223607577E-09","0.016983668161953562"
"d91620102-s91640201","91620102","91640201","linear_projection","0.012382178986077763","1.3531436936557646E-07","0.00036785101517540557","-1.2785638332732388E-07","0.03254855729062648","1.360019673972483E-07","1.3549822230364725E-07","6.875980316718425E-10","1.8385293807079376E-10","1.7020677582023034E-06","8.686723740580108E-09","7.206551141926299E-05","2.243172333692045E-06","5.8346717303166114E-08","1.845068318747058E-09","0.016978281587871367"
"d91620102-s91640201","91620102","91640201","objective_taylor","0.01238467820002892","1.353141514754086E-07","0.00036785071900895965","-4.6510577382951675E-08","0.03254855526753929","1.3600206909347457E-07","1.354981206279434E-07","6.879176180659682E-10","1.8396915253479518E-10","1.7027549714061301E-06","8.691984576335068E-09","7.20946057019597E-05","2.2445308908297415E-06","5.83723904570517E-08","1.846188105437449E-09","0.016981708477295177"
"d91620102-s91640251","91620102","91640251","zero","0","2.3292465622406154E-05","0.004826226851527615","-0.0012693719056045692","0.03516290018982085","2.3292465622406154E-05","2.3292465622406154E-05","0","0","0","0","0","0","0","0","0"
"d91620102-s91640251","91620102","91640251","saved_fit","0.03613407604113612","3.666352865480685E-07","0.0006055041589849475","-7.002680720894442E-13","0.03508974544421675","3.8129494928172597E-07","3.8048212300843015E-07","1.4659662733657473E-08","1.3846836460361658E-08","1.5434474440994858E-05","2.452728915165192E-07","0.000624729608457247","5.7254491850965356E-05","1.161816717017543E-06","8.692832182412061E-08","0.049989183168251385"
"d91620102-s91640251","91620102","91640251","linear_projection","0.03609847178767198","3.6665752757580617E-07","0.0006055225244165622","-1.2493465076851773E-06","0.03508983624912908","3.8127266114116745E-07","3.804614358948242E-07","1.4615133565361281E-08","1.3803908319018038E-08","1.540405370209231E-05","2.4454878453820557E-07","0.0006234990762108226","5.708541359776317E-05","1.1587385412311326E-06","8.666360881549178E-08","0.04993992696073244"
"d91620102-s91640251","91620102","91640251","objective_taylor","0.03609974998512876","3.6665595932897276E-07","0.0006055212294618354","-1.204494770312758E-06","0.03508983298985804","3.8127268986656E-07","3.804614071704496E-07","1.4616730537587252E-08","1.3805447841476825E-08","1.540514529066606E-05","2.445747553760605E-07","0.0006235432314896246","5.709147776146908E-05","1.158848163107146E-06","8.667302954092714E-08","0.04994169526516394"
"d91620103-s91640301","91620103","91640301","zero","0","1.6054211811981134E-05","0.00400677074612226","-0.0010192791093364185","0.03296036561583934","1.6054211811981134E-05","1.6054211811981134E-05","0","0","0","0","0","0","0","0","0"
"d91620103-s91640301","91620103","91640301","saved_fit","0.030951499099292443","2.850313291518871E-07","0.0005338832542343757","3.841069017089396E-12","0.03289864331715448","2.915414084564627E-07","2.93932992767478E-07","6.510079304575623E-09","8.901663615590913E-09","1.0890334711144818E-05","1.3732348752511094E-07","0.00045752930508928676","3.588391379623128E-05","7.034150687805408E-07","4.873378593783164E-08","0.04277986933543798"
"d91620103-s91640301","91620103","91640301","linear_projection","0.030929072413427197","2.8503960235918337E-07","0.0005338910023208702","-7.378042963204325E-07","0.03289869667419518","2.91533120901305E-07","2.939212407029872E-07","6.4935185421216304E-09","8.881638343803814E-09","1.0874550421137154E-05","1.370252769372926E-07","0.0004568665166031833","3.580596852836265E-05","7.020862656782517E-07","4.8625553966569864E-08","0.04274887210690749"
"d91620103-s91640301","91620103","91640301","objective_taylor","0.03092438722362341","2.8504342019207937E-07","0.0005338945777886112","-8.919409606579824E-07","0.0328987078195104","2.9153348260305606E-07","2.939208789464403E-07","6.490062410976694E-09","8.877458754360926E-09","1.0871254350494647E-05","1.3696303195836178E-07","0.00045672811321410947","3.5789699141541046E-05","7.018106685270446E-07","4.8603104360650306E-08","0.04274239643324223"
"d91620103-s91640351","91620103","91640351","zero","0","9.302061634403378E-06","0.003049928135940809","-0.0007627887043330386","0.03174648202425975","9.302061634403378E-06","9.302061634403378E-06","0","0","0","0","0","0","0","0","0"
"d91620103-s91640351","91620103","91640351","saved_fit","0.024021884209523694","1.3964122680979685E-07","0.0003736860002860648","-8.325435771812933E-12","0.03175915312585825","1.4171697138074208E-07","1.3810804750232746E-07","2.0757445709452276E-09","1.5331793074693918E-09","6.432796985331346E-06","5.984355456221498E-08","0.0002755251042542763","1.676923278594901E-05","2.8335866785243463E-07","1.4343447572584608E-08","0.033197897780087"
"d91620103-s91640351","91620103","91640351","linear_projection","0.02401804024004057","1.3964146148003065E-07","0.00037368631427981227","-1.2208953897559335E-07","0.031759152145096795","1.4171673674371258E-07","1.381089677691538E-07","2.0752752636819276E-09","1.532493710876853E-09","6.430738808293537E-06","5.981482833962765E-08","0.0002754369325401655","1.676118386220726E-05","2.8324353187148937E-07","1.4336429498516076E-08","0.03319258546965966"
"d91620103-s91640351","91620103","91640351","objective_taylor","0.024027503386048803","1.3964172816295434E-07","0.0003736866711068972","1.7845196629543334E-07","0.03175915455894785","1.4171815877047977E-07","1.381075463024463E-07","2.076430607525431E-09","1.5341818605080376E-09","6.435806254008276E-06","5.988556355197773E-08","0.00027565402047616564","1.6781003468315442E-05","2.835276550698066E-07","1.4353748904149571E-08","0.03320566340106251"
