"identity","corpus","seed","point","p","left","right","factor","K_inner_product","objective_expansion_term"
"d91620101-s91640101","91620101","91640101","zero","0","shared","shared","1","4.602008676974321E-10","4.602008676974321E-10"
"d91620101-s91640101","91620101","91640101","zero","0","shared","group","2","-3.482853841550752E-09","-6.965707683101504E-09"
"d91620101-s91640101","91620101","91640101","zero","0","shared","instance","2","5.4764599241356733E-08","1.0952919848271347E-07"
"d91620101-s91640101","91620101","91640101","zero","0","shared","rounding","2","-2.322173242395251E-14","-4.644346484790502E-14"
"d91620101-s91640101","91620101","91640101","zero","0","shared","minus_model_shift","2","0","0"
"d91620101-s91640101","91620101","91640101","zero","0","group","group","1","3.469570105623395E-08","3.469570105623395E-08"
"d91620101-s91640101","91620101","91640101","zero","0","group","instance","2","-4.5398787933216205E-07","-9.079757586643241E-07"
"d91620101-s91640101","91620101","91640101","zero","0","group","rounding","2","2.5059751977015936E-13","5.011950395403187E-13"
"d91620101-s91640101","91620101","91640101","zero","0","group","minus_model_shift","2","0","0"
"d91620101-s91640101","91620101","91640101","zero","0","instance","instance","1","8.263885797730124E-06","8.263885797730124E-06"
"d91620101-s91640101","91620101","91640101","zero","0","instance","rounding","2","-2.851109277663391E-12","-5.702218555326782E-12"
"d91620101-s91640101","91620101","91640101","zero","0","instance","minus_model_shift","2","0","0"
"d91620101-s91640101","91620101","91640101","zero","0","rounding","rounding","1","3.8128781295360904E-18","3.8128781295360904E-18"
"d91620101-s91640101","91620101","91640101","zero","0","rounding","minus_model_shift","2","0","0"
"d91620101-s91640101","91620101","91640101","zero","0","minus_model_shift","minus_model_shift","1","0","0"
"d91620101-s91640101","91620101","91640101","saved_fit","0.021496872360588698","shared","shared","1","4.602008676974321E-10","4.602008676974321E-10"
"d91620101-s91640101","91620101","91640101","saved_fit","0.021496872360588698","shared","group","2","-3.482853841550752E-09","-6.965707683101504E-09"
"d91620101-s91640101","91620101","91640101","saved_fit","0.021496872360588698","shared","instance","2","5.4764599241356733E-08","1.0952919848271347E-07"
"d91620101-s91640101","91620101","91640101","saved_fit","0.021496872360588698","shared","rounding","2","-2.322173242395251E-14","-4.644346484790502E-14"
"d91620101-s91640101","91620101","91640101","saved_fit","0.021496872360588698","shared","minus_model_shift","2","-5.244690748565347E-08","-1.0489381497130693E-07"
"d91620101-s91640101","91620101","91640101","saved_fit","0.021496872360588698","group","group","1","3.469570105623395E-08","3.469570105623395E-08"
"d91620101-s91640101","91620101","91640101","saved_fit","0.021496872360588698","group","instance","2","-4.5398787933216205E-07","-9.079757586643241E-07"
"d91620101-s91640101","91620101","91640101","saved_fit","0.021496872360588698","group","rounding","2","2.5059751977015936E-13","5.011950395403187E-13"
"d91620101-s91640101","91620101","91640101","saved_fit","0.021496872360588698","group","minus_model_shift","2","4.231152014091618E-07","8.462304028183236E-07"
"d91620101-s91640101","91620101","91640101","saved_fit","0.021496872360588698","instance","instance","1","8.263885797730124E-06","8.263885797730124E-06"
"d91620101-s91640101","91620101","91640101","saved_fit","0.021496872360588698","instance","rounding","2","-2.851109277663391E-12","-5.702218555326782E-12"
"d91620101-s91640101","91620101","91640101","saved_fit","0.021496872360588698","instance","minus_model_shift","2","-7.811205621657976E-06","-1.5622411243315952E-05"
"d91620101-s91640101","91620101","91640101","saved_fit","0.021496872360588698","rounding","rounding","1","3.8128781295360904E-18","3.8128781295360904E-18"
"d91620101-s91640101","91620101","91640101","saved_fit","0.021496872360588698","rounding","minus_model_shift","2","2.546284289299301E-12","5.092568578598602E-12"
"d91620101-s91640101","91620101","91640101","saved_fit","0.021496872360588698","minus_model_shift","minus_model_shift","1","7.4406672870449616E-06","7.4406672870449616E-06"
"d91620101-s91640151","91620101","91640151","zero","0","shared","shared","1","1.5711194531505458E-10","1.5711194531505458E-10"
"d91620101-s91640151","91620101","91640151","zero","0","shared","group","2","-1.4606359434064629E-09","-2.9212718868129258E-09"
"d91620101-s91640151","91620101","91640151","zero","0","shared","instance","2","2.595104038353648E-08","5.190208076707296E-08"
"d91620101-s91640151","91620101","91640151","zero","0","shared","rounding","2","1.4763248757284208E-14","2.9526497514568416E-14"
"d91620101-s91640151","91620101","91640151","zero","0","shared","minus_model_shift","2","0","0"
"d91620101-s91640151","91620101","91640151","zero","0","group","group","1","2.930175792454737E-08","2.930175792454737E-08"
"d91620101-s91640151","91620101","91640151","zero","0","group","instance","2","-3.6999757821341843E-07","-7.399951564268369E-07"
"d91620101-s91640151","91620101","91640151","zero","0","group","rounding","2","-1.2695912127042894E-13","-2.5391824254085787E-13"
"d91620101-s91640151","91620101","91640151","zero","0","group","minus_model_shift","2","0","0"
"d91620101-s91640151","91620101","91640151","zero","0","instance","instance","1","6.341874672207703E-06","6.341874672207703E-06"
"d91620101-s91640151","91620101","91640151","zero","0","instance","rounding","2","2.503335058946896E-12","5.006670117893792E-12"
"d91620101-s91640151","91620101","91640151","zero","0","instance","minus_model_shift","2","0","0"
"d91620101-s91640151","91620101","91640151","zero","0","rounding","rounding","1","3.7832282603859475E-18","3.7832282603859475E-18"
"d91620101-s91640151","91620101","91640151","zero","0","rounding","minus_model_shift","2","0","0"
"d91620101-s91640151","91620101","91640151","zero","0","minus_model_shift","minus_model_shift","1","0","0"
"d91620101-s91640151","91620101","91640151","saved_fit","0.01919524501299659","shared","shared","1","1.5711194531505458E-10","1.5711194531505458E-10"
"d91620101-s91640151","91620101","91640151","saved_fit","0.01919524501299659","shared","group","2","-1.4606359434064629E-09","-2.9212718868129258E-09"
"d91620101-s91640151","91620101","91640151","saved_fit","0.01919524501299659","shared","instance","2","2.595104038353648E-08","5.190208076707296E-08"
"d91620101-s91640151","91620101","91640151","saved_fit","0.01919524501299659","shared","rounding","2","1.4763248757284208E-14","2.9526497514568416E-14"
"d91620101-s91640151","91620101","91640151","saved_fit","0.01919524501299659","shared","minus_model_shift","2","-2.4842444347573337E-08","-4.9684888695146674E-08"
"d91620101-s91640151","91620101","91640151","saved_fit","0.01919524501299659","group","group","1","2.930175792454737E-08","2.930175792454737E-08"
"d91620101-s91640151","91620101","91640151","saved_fit","0.01919524501299659","group","instance","2","-3.6999757821341843E-07","-7.399951564268369E-07"
"d91620101-s91640151","91620101","91640151","saved_fit","0.01919524501299659","group","rounding","2","-1.2695912127042894E-13","-2.5391824254085787E-13"
"d91620101-s91640151","91620101","91640151","saved_fit","0.01919524501299659","group","minus_model_shift","2","3.3961022169433897E-07","6.792204433886779E-07"
"d91620101-s91640151","91620101","91640151","saved_fit","0.01919524501299659","instance","instance","1","6.341874672207703E-06","6.341874672207703E-06"
"d91620101-s91640151","91620101","91640151","saved_fit","0.01919524501299659","instance","rounding","2","2.503335058946896E-12","5.006670117893792E-12"
"d91620101-s91640151","91620101","91640151","saved_fit","0.01919524501299659","instance","minus_model_shift","2","-5.914493195485385E-06","-1.182898639097077E-05"
"d91620101-s91640151","91620101","91640151","saved_fit","0.01919524501299659","rounding","rounding","1","3.7832282603859475E-18","3.7832282603859475E-18"
"d91620101-s91640151","91620101","91640151","saved_fit","0.01919524501299659","rounding","minus_model_shift","2","-2.4235498183916787E-12","-4.8470996367833575E-12"
"d91620101-s91640151","91620101","91640151","saved_fit","0.01919524501299659","minus_model_shift","minus_model_shift","1","5.600105939552062E-06","5.600105939552062E-06"
"d91620102-s91640201","91620102","91640201","zero","0","shared","shared","1","6.517549078967117E-11","6.517549078967117E-11"
"d91620102-s91640201","91620102","91640201","zero","0","shared","group","2","8.869155169844426E-10","1.7738310339688853E-09"
"d91620102-s91640201","91620102","91640201","zero","0","shared","instance","2","4.782657210541961E-09","9.565314421083922E-09"
"d91620102-s91640201","91620102","91640201","zero","0","shared","rounding","2","-4.300337717093904E-15","-8.600675434187808E-15"
"d91620102-s91640201","91620102","91640201","zero","0","shared","minus_model_shift","2","0","0"
"d91620102-s91640201","91620102","91640201","zero","0","group","group","1","3.202786730480788E-08","3.202786730480788E-08"
"d91620102-s91640201","91620102","91640201","zero","0","group","instance","2","2.1776363677293794E-07","4.355272735458759E-07"
"d91620102-s91640201","91620102","91640201","zero","0","group","rounding","2","-1.8980774640170932E-13","-3.7961549280341864E-13"
"d91620102-s91640201","91620102","91640201","zero","0","group","minus_model_shift","2","0","0"
"d91620102-s91640201","91620102","91640201","zero","0","instance","instance","1","2.1533196333616794E-06","2.1533196333616794E-06"
"d91620102-s91640201","91620102","91640201","zero","0","instance","rounding","2","-1.755419131963024E-12","-3.510838263926048E-12"
"d91620102-s91640201","91620102","91640201","zero","0","instance","minus_model_shift","2","0","0"
"d91620102-s91640201","91620102","91640201","zero","0","rounding","rounding","1","2.2102401870050633E-18","2.2102401870050633E-18"
"d91620102-s91640201","91620102","91640201","zero","0","rounding","minus_model_shift","2","0","0"
"d91620102-s91640201","91620102","91640201","zero","0","minus_model_shift","minus_model_shift","1","0","0"
"d91620102-s91640201","91620102","91640201","saved_fit","0.012386107388611452","shared","shared","1","6.517549078967117E-11","6.517549078967117E-11"
"d91620102-s91640201","91620102","91640201","saved_fit","0.012386107388611452","shared","group","2","8.869155169844426E-10","1.7738310339688853E-09"
"d91620102-s91640201","91620102","91640201","saved_fit","0.012386107388611452","shared","instance","2","4.782657210541961E-09","9.565314421083922E-09"
"d91620102-s91640201","91620102","91640201","saved_fit","0.012386107388611452","shared","rounding","2","-4.300337717093904E-15","-8.600675434187808E-15"
"d91620102-s91640201","91620102","91640201","saved_fit","0.012386107388611452","shared","minus_model_shift","2","-6.307832806418825E-09","-1.261566561283765E-08"
"d91620102-s91640201","91620102","91640201","saved_fit","0.012386107388611452","group","group","1","3.202786730480788E-08","3.202786730480788E-08"
"d91620102-s91640201","91620102","91640201","saved_fit","0.012386107388611452","group","instance","2","2.1776363677293794E-07","4.355272735458759E-07"
"d91620102-s91640201","91620102","91640201","saved_fit","0.012386107388611452","group","rounding","2","-1.8980774640170932E-13","-3.7961549280341864E-13"
"d91620102-s91640201","91620102","91640201","saved_fit","0.012386107388611452","group","minus_model_shift","2","-2.5473959287635703E-07","-5.094791857527141E-07"
"d91620102-s91640201","91620102","91640201","saved_fit","0.012386107388611452","instance","instance","1","2.1533196333616794E-06","2.1533196333616794E-06"
"d91620102-s91640201","91620102","91640201","saved_fit","0.012386107388611452","instance","rounding","2","-1.755419131963024E-12","-3.510838263926048E-12"
"d91620102-s91640201","91620102","91640201","saved_fit","0.012386107388611452","instance","minus_model_shift","2","-2.236258166194058E-06","-4.472516332388116E-06"
"d91620102-s91640201","91620102","91640201","saved_fit","0.012386107388611452","rounding","rounding","1","2.2102401870050633E-18","2.2102401870050633E-18"
"d91620102-s91640201","91620102","91640201","saved_fit","0.012386107388611452","rounding","minus_model_shift","2","1.909160773794417E-12","3.818321547588834E-12"
"d91620102-s91640201","91620102","91640201","saved_fit","0.012386107388611452","minus_model_shift","minus_model_shift","1","2.497646287570671E-06","2.497646287570671E-06"
"d91620102-s91640251","91620102","91640251","zero","0","shared","shared","1","1.6140091070732956E-10","1.6140091070732956E-10"
"d91620102-s91640251","91620102","91640251","zero","0","shared","group","2","1.6581255755200637E-09","3.3162511510401275E-09"
"d91620102-s91640251","91620102","91640251","zero","0","shared","instance","2","4.427735855338365E-08","8.85547171067673E-08"
"d91620102-s91640251","91620102","91640251","zero","0","shared","rounding","2","2.2064965485522918E-14","4.4129930971045836E-14"
"d91620102-s91640251","91620102","91640251","zero","0","shared","minus_model_shift","2","0","0"
"d91620102-s91640251","91620102","91640251","zero","0","group","group","1","5.920527900419885E-08","5.920527900419885E-08"
"d91620102-s91640251","91620102","91640251","zero","0","group","instance","2","9.682055130004746E-07","1.9364110260009493E-06"
"d91620102-s91640251","91620102","91640251","zero","0","group","rounding","2","3.1565027029550173E-13","6.313005405910035E-13"
"d91620102-s91640251","91620102","91640251","zero","0","group","minus_model_shift","2","0","0"
"d91620102-s91640251","91620102","91640251","zero","0","instance","instance","1","2.1204800156279426E-05","2.1204800156279426E-05"
"d91620102-s91640251","91620102","91640251","zero","0","instance","rounding","2","8.058258747493743E-12","1.6116517494987487E-11"
"d91620102-s91640251","91620102","91640251","zero","0","instance","minus_model_shift","2","0","0"
"d91620102-s91640251","91620102","91640251","zero","0","rounding","rounding","1","5.289471058357249E-18","5.289471058357249E-18"
"d91620102-s91640251","91620102","91640251","zero","0","rounding","minus_model_shift","2","0","0"
"d91620102-s91640251","91620102","91640251","zero","0","minus_model_shift","minus_model_shift","1","0","0"
"d91620102-s91640251","91620102","91640251","saved_fit","0.03613407604113612","shared","shared","1","1.6140091070732956E-10","1.6140091070732956E-10"
"d91620102-s91640251","91620102","91640251","saved_fit","0.03613407604113612","shared","group","2","1.6581255755200637E-09","3.3162511510401275E-09"
"d91620102-s91640251","91620102","91640251","saved_fit","0.03613407604113612","shared","instance","2","4.427735855338365E-08","8.85547171067673E-08"
"d91620102-s91640251","91620102","91640251","saved_fit","0.03613407604113612","shared","rounding","2","2.2064965485522918E-14","4.4129930971045836E-14"
"d91620102-s91640251","91620102","91640251","saved_fit","0.03613407604113612","shared","minus_model_shift","2","-4.470635409613775E-08","-8.94127081922755E-08"
"d91620102-s91640251","91620102","91640251","saved_fit","0.03613407604113612","group","group","1","5.920527900419885E-08","5.920527900419885E-08"
"d91620102-s91640251","91620102","91640251","saved_fit","0.03613407604113612","group","instance","2","9.682055130004746E-07","1.9364110260009493E-06"
"d91620102-s91640251","91620102","91640251","saved_fit","0.03613407604113612","group","rounding","2","3.1565027029550173E-13","6.313005405910035E-13"
"d91620102-s91640251","91620102","91640251","saved_fit","0.03613407604113612","group","minus_model_shift","2","-1.0612151894534371E-06","-2.1224303789068742E-06"
"d91620102-s91640251","91620102","91640251","saved_fit","0.03613407604113612","instance","instance","1","2.1204800156279426E-05","2.1204800156279426E-05"
"d91620102-s91640251","91620102","91640251","saved_fit","0.03613407604113612","instance","rounding","2","8.058258747493743E-12","1.6116517494987487E-11"
"d91620102-s91640251","91620102","91640251","saved_fit","0.03613407604113612","instance","minus_model_shift","2","-2.1827114925709418E-05","-4.3654229851418835E-05"
"d91620102-s91640251","91620102","91640251","saved_fit","0.03613407604113612","rounding","rounding","1","5.289471058357249E-18","5.289471058357249E-18"
"d91620102-s91640251","91620102","91640251","saved_fit","0.03613407604113612","rounding","minus_model_shift","2","-8.199212575838666E-12","-1.6398425151677332E-11"
"d91620102-s91640251","91620102","91640251","saved_fit","0.03613407604113612","minus_model_shift","minus_model_shift","1","2.294025900108485E-05","2.294025900108485E-05"
"d91620103-s91640301","91620103","91640301","zero","0","shared","shared","1","1.3476542898386885E-10","1.3476542898386885E-10"
"d91620103-s91640301","91620103","91640301","zero","0","shared","group","2","-1.1590797291477297E-09","-2.3181594582954594E-09"
"d91620103-s91640301","91620103","91640301","zero","0","shared","instance","2","3.8489816848984045E-08","7.697963369796809E-08"
"d91620103-s91640301","91620103","91640301","zero","0","shared","rounding","2","-2.1115092676301548E-14","-4.2230185352603096E-14"
"d91620103-s91640301","91620103","91640301","zero","0","shared","minus_model_shift","2","0","0"
"d91620103-s91640301","91620103","91640301","zero","0","group","group","1","2.4013346549997653E-08","2.4013346549997653E-08"
"d91620103-s91640301","91620103","91640301","zero","0","group","instance","2","-5.366618291597532E-07","-1.0733236583195063E-06"
"d91620103-s91640301","91620103","91640301","zero","0","group","rounding","2","1.9988741624425525E-13","3.997748324885105E-13"
"d91620103-s91640301","91620103","91640301","zero","0","group","minus_model_shift","2","0","0"
"d91620103-s91640301","91620103","91640301","zero","0","instance","instance","1","1.7028743091882783E-05","1.7028743091882783E-05"
"d91620103-s91640301","91620103","91640301","zero","0","instance","rounding","2","-8.782676609522914E-12","-1.7565353219045827E-11"
"d91620103-s91640301","91620103","91640301","zero","0","instance","minus_model_shift","2","0","0"
"d91620103-s91640301","91620103","91640301","zero","0","rounding","rounding","1","7.793936097085806E-18","7.793936097085806E-18"
"d91620103-s91640301","91620103","91640301","zero","0","rounding","minus_model_shift","2","0","0"
"d91620103-s91640301","91620103","91640301","zero","0","minus_model_shift","minus_model_shift","1","0","0"
"d91620103-s91640301","91620103","91640301","saved_fit","0.030951499099292443","shared","shared","1","1.3476542898386885E-10","1.3476542898386885E-10"
"d91620103-s91640301","91620103","91640301","saved_fit","0.030951499099292443","shared","group","2","-1.1590797291477297E-09","-2.3181594582954594E-09"
"d91620103-s91640301","91620103","91640301","saved_fit","0.030951499099292443","shared","instance","2","3.8489816848984045E-08","7.697963369796809E-08"
"d91620103-s91640301","91620103","91640301","saved_fit","0.030951499099292443","shared","rounding","2","-2.1115092676301548E-14","-4.2230185352603096E-14"
"d91620103-s91640301","91620103","91640301","saved_fit","0.030951499099292443","shared","minus_model_shift","2","-3.64159049916093E-08","-7.28318099832186E-08"
"d91620103-s91640301","91620103","91640301","saved_fit","0.030951499099292443","group","group","1","2.4013346549997653E-08","2.4013346549997653E-08"
"d91620103-s91640301","91620103","91640301","saved_fit","0.030951499099292443","group","instance","2","-5.366618291597532E-07","-1.0733236583195063E-06"
"d91620103-s91640301","91620103","91640301","saved_fit","0.030951499099292443","group","rounding","2","1.9988741624425525E-13","3.997748324885105E-13"
"d91620103-s91640301","91620103","91640301","saved_fit","0.030951499099292443","group","minus_model_shift","2","5.133611161810723E-07","1.0267222323621445E-06"
"d91620103-s91640301","91620103","91640301","saved_fit","0.030951499099292443","instance","instance","1","1.7028743091882783E-05","1.7028743091882783E-05"
"d91620103-s91640301","91620103","91640301","saved_fit","0.030951499099292443","instance","rounding","2","-8.782676609522914E-12","-1.7565353219045827E-11"
"d91620103-s91640301","91620103","91640301","saved_fit","0.030951499099292443","instance","minus_model_shift","2","-1.6249334115716397E-05","-3.249866823143279E-05"
"d91620103-s91640301","91620103","91640301","saved_fit","0.030951499099292443","rounding","rounding","1","7.793936097085806E-18","7.793936097085806E-18"
"d91620103-s91640301","91620103","91640301","saved_fit","0.030951499099292443","rounding","minus_model_shift","2","8.543510166120216E-12","1.7087020332240432E-11"
"d91620103-s91640301","91620103","91640301","saved_fit","0.030951499099292443","minus_model_shift","minus_model_shift","1","1.577558023920427E-05","1.577558023920427E-05"
"d91620103-s91640351","91620103","91640351","zero","0","shared","shared","1","1.05429537561235E-09","1.05429537561235E-09"
"d91620103-s91640351","91620103","91640351","zero","0","shared","group","2","5.102190273432211E-09","1.0204380546864423E-08"
"d91620103-s91640351","91620103","91640351","zero","0","shared","instance","2","8.494062915744876E-08","1.6988125831489752E-07"
"d91620103-s91640351","91620103","91640351","zero","0","shared","rounding","2","-1.1863992081826492E-14","-2.3727984163652985E-14"
"d91620103-s91640351","91620103","91640351","zero","0","shared","minus_model_shift","2","0","0"
"d91620103-s91640351","91620103","91640351","zero","0","group","group","1","4.687736712999009E-08","4.687736712999009E-08"
"d91620103-s91640351","91620103","91640351","zero","0","group","instance","2","4.885781032435808E-07","9.771562064871616E-07"
"d91620103-s91640351","91620103","91640351","zero","0","group","rounding","2","-5.187023467616171E-14","-1.0374046935232342E-13"
"d91620103-s91640351","91620103","91640351","zero","0","group","minus_model_shift","2","0","0"
"d91620103-s91640351","91620103","91640351","zero","0","instance","instance","1","8.09688864185583E-06","8.09688864185583E-06"
"d91620103-s91640351","91620103","91640351","zero","0","instance","rounding","2","-1.9392028849887697E-13","-3.8784057699775394E-13"
"d91620103-s91640351","91620103","91640351","zero","0","instance","minus_model_shift","2","0","0"
"d91620103-s91640351","91620103","91640351","zero","0","rounding","rounding","1","2.154824594576167E-18","2.154824594576167E-18"
"d91620103-s91640351","91620103","91640351","zero","0","rounding","minus_model_shift","2","0","0"
"d91620103-s91640351","91620103","91640351","zero","0","minus_model_shift","minus_model_shift","1","0","0"
"d91620103-s91640351","91620103","91640351","saved_fit","0.024021884209523694","shared","shared","1","1.05429537561235E-09","1.05429537561235E-09"
"d91620103-s91640351","91620103","91640351","saved_fit","0.024021884209523694","shared","group","2","5.102190273432211E-09","1.0204380546864423E-08"
"d91620103-s91640351","91620103","91640351","saved_fit","0.024021884209523694","shared","instance","2","8.494062915744876E-08","1.6988125831489752E-07"
"d91620103-s91640351","91620103","91640351","saved_fit","0.024021884209523694","shared","rounding","2","-1.1863992081826492E-14","-2.3727984163652985E-14"
"d91620103-s91640351","91620103","91640351","saved_fit","0.024021884209523694","shared","minus_model_shift","2","-9.001309734206481E-08","-1.8002619468412963E-07"
"d91620103-s91640351","91620103","91640351","saved_fit","0.024021884209523694","group","group","1","4.687736712999009E-08","4.687736712999009E-08"
"d91620103-s91640351","91620103","91640351","saved_fit","0.024021884209523694","group","instance","2","4.885781032435808E-07","9.771562064871616E-07"
"d91620103-s91640351","91620103","91640351","saved_fit","0.024021884209523694","group","rounding","2","-5.187023467616171E-14","-1.0374046935232342E-13"
"d91620103-s91640351","91620103","91640351","saved_fit","0.024021884209523694","group","minus_model_shift","2","-5.142641217677072E-07","-1.0285282435354144E-06"
"d91620103-s91640351","91620103","91640351","saved_fit","0.024021884209523694","instance","instance","1","8.09688864185583E-06","8.09688864185583E-06"
"d91620103-s91640351","91620103","91640351","saved_fit","0.024021884209523694","instance","rounding","2","-1.9392028849887697E-13","-3.8784057699775394E-13"
"d91620103-s91640351","91620103","91640351","saved_fit","0.024021884209523694","instance","minus_model_shift","2","-8.559158521946059E-06","-1.7118317043892117E-05"
"d91620103-s91640351","91620103","91640351","saved_fit","0.024021884209523694","rounding","rounding","1","2.154824594576167E-18","2.154824594576167E-18"
"d91620103-s91640351","91620103","91640351","saved_fit","0.024021884209523694","rounding","minus_model_shift","2","9.70088046148573E-14","1.940176092297146E-13"
"d91620103-s91640351","91620103","91640351","saved_fit","0.024021884209523694","minus_model_shift","minus_model_shift","1","9.164450880500364E-06","9.164450880500364E-06"
