data_seed,seed,p_small,p_middle,p_large,contrast
57721,201,0.04808556775774622,0.036757259630952596,0.02649875957429467,-0.011328308126793626
57721,202,0.042568164688482416,0.03323103734970673,0.02527563805083384,-0.009337127338775689
57721,203,0.05096511830396226,0.04439735383875999,0.03214591517057097,-0.006567764465202269
57721,204,0.040613876070587,0.03126210902393463,0.02310056901530729,-0.009351767046652373
57721,205,0.05218880823050377,0.04646064686921622,0.02978236070590108,-0.005728161361287551
14142,201,0.04309187298586445,0.04062294033747561,0.026656062920570843,-0.0024689326483888357
14142,202,0.0513357231845582,0.03413372532771493,0.024526480026766266,-0.017201997856843274
14142,203,0.04221614393119391,0.03071969850997682,0.022704572204960652,-0.01149644542121709
14142,204,0.03789151080255951,0.04009426613503385,0.03168017815007326,0.0022027553324743404
14142,205,0.04740290619705277,0.039184046716622525,0.02978919741077364,-0.008218859480430246
17320,201,0.03898914285135123,0.0328664068202721,0.021807018506290562,-0.006122736031079129
17320,202,0.049790341675856775,0.04551545006719042,0.02819860862519564,-0.004274891608666356
17320,203,0.04990932190873976,0.040281113916851186,0.030023520925353618,-0.009628207991888571
17320,204,0.05427801924908536,0.041323139497019185,0.030461001543366388,-0.012954879752066176
17320,205,0.04845444086660809,0.041215265253551236,0.03158181630452829,-0.007239175613056856
