variant,width,data_seed,seed,pretrain_seed,parameters,name,phase,epoch,grid_index,lr,wd,p,p_reason,objective,lower_boundary,upper_boundary,clipping,total_gain,mean_gain,negative_gain_fraction,positive_mass,negative_absolute_mass,absolute_mass,cancellation_ratio,initial_validation_nll,initial_test_nll,train_nll,train_shared_loss,train_shared_accuracy,train_group_loss,train_group_accuracy,train_instance_loss,train_instance_accuracy,validation_nll,validation_shared_loss,validation_shared_accuracy,validation_group_loss,validation_group_accuracy,validation_instance_loss,validation_instance_accuracy,test_nll,test_shared_loss,test_shared_accuracy,test_group_loss,test_group_accuracy,test_instance_loss,test_instance_accuracy
M,128,52919,801,96201,621696,M-w128-d52919-s801,confirm,0,,,,,no_adaptation,,False,False,,0.0,0.0,0.0,0.0,0.0,0.0,,4.047523021697998,4.033823013305664,4.016269683837891,0.0503573939204216,1.0,6.057529449462891,0.052734375,5.940921783447266,0.07470703125,4.047523021697998,0.05024128407239914,1.0,6.0311360359191895,0.0595703125,6.061191558837891,0.0576171875,4.033823013305664,0.05022050812840462,1.0,6.027803421020508,0.05712890625,6.0234456062316895,0.0615234375
M,128,52919,802,96201,621696,M-w128-d52919-s802,confirm,0,,,,,no_adaptation,,False,False,,0.0,0.0,0.0,0.0,0.0,0.0,,4.065481185913086,4.056282043457031,4.043617248535156,0.049461450427770615,1.0,6.114136695861816,0.052734375,5.967254638671875,0.07470703125,4.065481185913086,0.049554791301488876,1.0,6.076177597045898,0.0595703125,6.070711612701416,0.0576171875,4.056282043457031,0.049456216394901276,1.0,6.0707783699035645,0.05712890625,6.048611640930176,0.0615234375
M,128,52919,803,96201,621696,M-w128-d52919-s803,confirm,0,,,,,no_adaptation,,False,False,,0.0,0.0,0.0,0.0,0.0,0.0,,4.064981460571289,4.061599254608154,4.045236587524414,0.048933230340480804,1.0,6.112320899963379,0.052734375,5.974456310272217,0.07470703125,4.064981460571289,0.04900871217250824,1.0,6.066708087921143,0.0595703125,6.079226970672607,0.0576171875,4.061599254608154,0.049061957746744156,1.0,6.0841875076293945,0.05712890625,6.051548957824707,0.0615234375
M,128,55049,801,96202,621696,M-w128-d55049-s801,confirm,0,,,,,no_adaptation,,False,False,,0.0,0.0,0.0,0.0,0.0,0.0,,4.010738849639893,4.003748893737793,3.9992361068725586,0.050453655421733856,1.0,5.897344589233398,0.0771484375,6.049910068511963,0.05859375,4.010738849639893,0.050359196960926056,1.0,5.91115665435791,0.0751953125,6.070702075958252,0.0556640625,4.003748893737793,0.050323259085416794,1.0,5.955224990844727,0.06884765625,6.005699157714844,0.06298828125
M,128,55049,802,96202,621696,M-w128-d55049-s802,confirm,0,,,,,no_adaptation,,False,False,,0.0,0.0,0.0,0.0,0.0,0.0,,4.042781829833984,4.037180423736572,4.030330181121826,0.049586065113544464,1.0,5.973715782165527,0.0771484375,6.06768798828125,0.05859375,4.042781829833984,0.04961549863219261,1.0,5.990396499633789,0.0751953125,6.088334083557129,0.0556640625,4.037180423736572,0.04968094825744629,1.0,6.024587631225586,0.06884765625,6.037271976470947,0.06298828125
M,128,55049,803,96202,621696,M-w128-d55049-s803,confirm,0,,,,,no_adaptation,,False,False,,0.0,0.0,0.0,0.0,0.0,0.0,,4.01936674118042,4.029530048370361,4.0186848640441895,0.04917868971824646,1.0,5.922995090484619,0.0771484375,6.0838823318481445,0.05859375,4.01936674118042,0.04923270642757416,1.0,5.944312572479248,0.0751953125,6.064554214477539,0.0556640625,4.029530048370361,0.049141064286231995,1.0,5.996974945068359,0.06884765625,6.042471885681152,0.06298828125
M,128,57163,801,96203,621696,M-w128-d57163-s801,confirm,0,,,,,no_adaptation,,False,False,,0.0,0.0,0.0,0.0,0.0,0.0,,4.009182929992676,3.97849178314209,4.041644096374512,0.04981957748532295,1.0,5.992993354797363,0.07080078125,6.082119941711426,0.0546875,4.009182929992676,0.04979570209980011,1.0,5.943045139312744,0.080078125,6.0347089767456055,0.05859375,3.97849178314209,0.04991176724433899,1.0,5.886079788208008,0.0859375,5.999484062194824,0.06640625
M,128,57163,802,96203,621696,M-w128-d57163-s802,confirm,0,,,,,no_adaptation,,False,False,,0.0,0.0,0.0,0.0,0.0,0.0,,4.0206074714660645,3.9921376705169678,4.045289516448975,0.04937821254134178,1.0,5.994604110717773,0.07080078125,6.091886520385742,0.0546875,4.0206074714660645,0.049200087785720825,1.0,5.946070671081543,0.080078125,6.06655216217041,0.05859375,3.9921376705169678,0.049300044775009155,1.0,5.88596248626709,0.0859375,6.041150093078613,0.06640625
M,128,57163,803,96203,621696,M-w128-d57163-s803,confirm,0,,,,,no_adaptation,,False,False,,0.0,0.0,0.0,0.0,0.0,0.0,,4.008716583251953,3.9757723808288574,4.039190769195557,0.049075618386268616,1.0,5.962889671325684,0.07080078125,6.1056060791015625,0.0546875,4.008716583251953,0.04900624603033066,1.0,5.905733108520508,0.080078125,6.071409702301025,0.05859375,3.9757723808288574,0.04905378073453903,1.0,5.861963272094727,0.0859375,6.016300678253174,0.06640625
M,256,52919,801,96201,3212800,M-w256-d52919-s801,confirm,0,,,,,no_adaptation,,False,False,,0.0,0.0,0.0,0.0,0.0,0.0,,5.319379806518555,5.306591987609863,5.289731025695801,0.008324924856424332,1.0,8.026731491088867,0.052734375,7.834137439727783,0.07470703125,5.319379806518555,0.008320724591612816,1.0,7.962878227233887,0.0595703125,7.986940860748291,0.0576171875,5.306591987609863,0.008305052295327187,1.0,7.974238395690918,0.05712890625,7.937233924865723,0.0615234375
M,256,52919,802,96201,3212800,M-w256-d52919-s802,confirm,0,,,,,no_adaptation,,False,False,,0.0,0.0,0.0,0.0,0.0,0.0,,5.343927383422852,5.335238456726074,5.315860271453857,0.007873451337218285,1.0,8.062202453613281,0.052734375,7.877504348754883,0.07470703125,5.343927383422852,0.00789471436291933,1.0,7.993788719177246,0.0595703125,8.030097961425781,0.0576171875,5.335238456726074,0.007890651002526283,1.0,8.00894832611084,0.05712890625,7.98887825012207,0.0615234375
M,256,52919,803,96201,3212800,M-w256-d52919-s803,confirm,0,,,,,no_adaptation,,False,False,,0.0,0.0,0.0,0.0,0.0,0.0,,5.376338005065918,5.368532657623291,5.342282772064209,0.007918238639831543,1.0,8.127817153930664,0.052734375,7.89111328125,0.07470703125,5.376338005065918,0.007920943200588226,1.0,8.079602241516113,0.0595703125,8.041491508483887,0.0576171875,5.368532657623291,0.007950473576784134,1.0,8.097000122070312,0.05712890625,8.000648498535156,0.0615234375
M,256,55049,801,96202,3212800,M-w256-d55049-s801,confirm,0,,,,,no_adaptation,,False,False,,0.0,0.0,0.0,0.0,0.0,0.0,,5.2781195640563965,5.270501136779785,5.259178638458252,0.008370771072804928,1.0,7.814320087432861,0.0771484375,7.954843521118164,0.05859375,5.2781195640563965,0.008392494171857834,1.0,7.825948238372803,0.0751953125,8.000018119812012,0.0556640625,5.270501136779785,0.00836004689335823,1.0,7.894309997558594,0.06884765625,7.908832550048828,0.06298828125
M,256,55049,802,96202,3212800,M-w256-d55049-s802,confirm,0,,,,,no_adaptation,,False,False,,0.0,0.0,0.0,0.0,0.0,0.0,,5.314704895019531,5.307860374450684,5.302535057067871,0.007804063614457846,1.0,7.853424072265625,0.0771484375,8.046378135681152,0.05859375,5.314704895019531,0.0078287273645401,1.0,7.87590217590332,0.0751953125,8.060382843017578,0.0556640625,5.307860374450684,0.007802772801369429,1.0,7.930208683013916,0.06884765625,7.985569000244141,0.06298828125
M,256,55049,803,96202,3212800,M-w256-d55049-s803,confirm,0,,,,,no_adaptation,,False,False,,0.0,0.0,0.0,0.0,0.0,0.0,,5.330467224121094,5.318886756896973,5.3077521324157715,0.007888592779636383,1.0,7.875329494476318,0.0771484375,8.040040016174316,0.05859375,5.330467224121094,0.00785719696432352,1.0,7.903733253479004,0.0751953125,8.079812049865723,0.0556640625,5.318886756896973,0.007846256718039513,1.0,7.95377254486084,0.06884765625,7.995041847229004,0.06298828125
M,256,57163,801,96203,3212800,M-w256-d57163-s801,confirm,0,,,,,no_adaptation,,False,False,,0.0,0.0,0.0,0.0,0.0,0.0,,5.243755340576172,5.2122931480407715,5.2926130294799805,0.008373725228011608,1.0,7.857547283172607,0.07080078125,8.011919021606445,0.0546875,5.243755340576172,0.008359091356396675,1.0,7.750330924987793,0.080078125,7.9725751876831055,0.05859375,5.2122931480407715,0.008353333920240402,1.0,7.726960182189941,0.0859375,7.901566505432129,0.06640625
M,256,57163,802,96203,3212800,M-w256-d57163-s802,confirm,0,,,,,no_adaptation,,False,False,,0.0,0.0,0.0,0.0,0.0,0.0,,5.3019561767578125,5.264763355255127,5.338173866271973,0.007810958195477724,1.0,7.934268951416016,0.07080078125,8.072441101074219,0.0546875,5.3019561767578125,0.00778321735560894,1.0,7.852894306182861,0.080078125,8.045190811157227,0.05859375,5.264763355255127,0.0077993134036660194,1.0,7.817875862121582,0.0859375,7.968615531921387,0.06640625
M,256,57163,803,96203,3212800,M-w256-d57163-s803,confirm,0,,,,,no_adaptation,,False,False,,0.0,0.0,0.0,0.0,0.0,0.0,,5.299076080322266,5.254268646240234,5.336270809173584,0.007799720391631126,1.0,7.911894798278809,0.07080078125,8.089118003845215,0.0546875,5.299076080322266,0.007811789866536856,1.0,7.830646991729736,0.080078125,8.058769226074219,0.05859375,5.254268646240234,0.007821828126907349,1.0,7.7772417068481445,0.0859375,7.977742671966553,0.06640625
M,64,52919,801,96201,113408,M-w64-d52919-s801,confirm,0,,,,,no_adaptation,,False,False,,0.0,0.0,0.0,0.0,0.0,0.0,,3.134394407272339,3.131875514984131,3.10967755317688,0.2578403353691101,1.0,4.579640865325928,0.052734375,4.491552352905273,0.07470703125,3.134394407272339,0.2572159767150879,1.0,4.561534881591797,0.0595703125,4.584432601928711,0.0576171875,3.131875514984131,0.25593212246894836,1.0,4.576835632324219,0.05712890625,4.5628581047058105,0.0615234375
M,64,52919,802,96201,113408,M-w64-d52919-s802,confirm,0,,,,,no_adaptation,,False,False,,0.0,0.0,0.0,0.0,0.0,0.0,,3.1240479946136475,3.1245720386505127,3.1205902099609375,0.2557939291000366,1.0,4.599018096923828,0.052734375,4.506957530975342,0.07470703125,3.1240479946136475,0.25579744577407837,1.0,4.559806823730469,0.0595703125,4.556539058685303,0.0576171875,3.1245720386505127,0.2553766071796417,1.0,4.57551383972168,0.05712890625,4.542825698852539,0.0615234375
M,64,52919,803,96201,113408,M-w64-d52919-s803,confirm,0,,,,,no_adaptation,,False,False,,0.0,0.0,0.0,0.0,0.0,0.0,,3.1520698070526123,3.1462011337280273,3.1324000358581543,0.25264912843704224,1.0,4.62626314163208,0.052734375,4.518287658691406,0.07470703125,3.1520698070526123,0.2527015805244446,1.0,4.617499828338623,0.0595703125,4.586007118225098,0.0576171875,3.1462011337280273,0.2523252069950104,1.0,4.620046138763428,0.05712890625,4.566232204437256,0.0615234375
M,64,55049,801,96202,113408,M-w64-d55049-s801,confirm,0,,,,,no_adaptation,,False,False,,0.0,0.0,0.0,0.0,0.0,0.0,,3.0877583026885986,3.1007578372955322,3.092123031616211,0.2559927999973297,1.0,4.440578460693359,0.0771484375,4.579798221588135,0.05859375,3.0877583026885986,0.2551168203353882,1.0,4.447842597961426,0.0751953125,4.560315132141113,0.0556640625,3.1007578372955322,0.25531458854675293,1.0,4.499693870544434,0.06884765625,4.54726505279541,0.06298828125
M,64,55049,802,96202,113408,M-w64-d55049-s802,confirm,0,,,,,no_adaptation,,False,False,,0.0,0.0,0.0,0.0,0.0,0.0,,3.1325080394744873,3.128460645675659,3.126939296722412,0.2546825408935547,1.0,4.542328357696533,0.0771484375,4.583807945251465,0.05859375,3.1325080394744873,0.2555491030216217,1.0,4.558030128479004,0.0751953125,4.5839457511901855,0.0556640625,3.128460645675659,0.2546224594116211,1.0,4.569486618041992,0.06884765625,4.561273574829102,0.06298828125
M,64,55049,803,96202,113408,M-w64-d55049-s803,confirm,0,,,,,no_adaptation,,False,False,,0.0,0.0,0.0,0.0,0.0,0.0,,3.1007814407348633,3.1037237644195557,3.089102268218994,0.251997172832489,1.0,4.438815116882324,0.0771484375,4.5764946937561035,0.05859375,3.1007814407348633,0.2518489360809326,1.0,4.449653625488281,0.0751953125,4.600841045379639,0.0556640625,3.1037237644195557,0.2522280216217041,1.0,4.486242294311523,0.06884765625,4.572700500488281,0.06298828125
M,64,57163,801,96203,113408,M-w64-d57163-s801,confirm,0,,,,,no_adaptation,,False,False,,0.0,0.0,0.0,0.0,0.0,0.0,,3.1067423820495605,3.086455821990967,3.1315481662750244,0.2539442181587219,1.0,4.521388053894043,0.07080078125,4.619312286376953,0.0546875,3.1067423820495605,0.25356316566467285,1.0,4.488920211791992,0.080078125,4.5777435302734375,0.05859375,3.086455821990967,0.2539982497692108,1.0,4.4535017013549805,0.0859375,4.551867485046387,0.06640625
M,64,57163,802,96203,113408,M-w64-d57163-s802,confirm,0,,,,,no_adaptation,,False,False,,0.0,0.0,0.0,0.0,0.0,0.0,,3.1071853637695312,3.0828628540039062,3.1175713539123535,0.2542670965194702,1.0,4.514028549194336,0.07080078125,4.584418773651123,0.0546875,3.1071853637695312,0.25477713346481323,1.0,4.4891252517700195,0.080078125,4.577654838562012,0.05859375,3.0828628540039062,0.2542453110218048,1.0,4.459936618804932,0.0859375,4.534406661987305,0.06640625
M,64,57163,803,96203,113408,M-w64-d57163-s803,confirm,0,,,,,no_adaptation,,False,False,,0.0,0.0,0.0,0.0,0.0,0.0,,3.1028892993927,3.078704357147217,3.131403923034668,0.2540869414806366,1.0,4.5481038093566895,0.07080078125,4.592020034790039,0.0546875,3.1028892993927,0.25435781478881836,1.0,4.497470378875732,0.080078125,4.556839942932129,0.05859375,3.078704357147217,0.25449177622795105,1.0,4.473265647888184,0.0859375,4.508356094360352,0.06640625
U,128,52919,801,96201,621696,U-w128-d52919-s801,confirm,0,,,,,no_adaptation,,False,False,,0.0,0.0,0.0,0.0,0.0,0.0,,1.8772478103637695,1.877426266670227,1.8767588138580322,0.061863236129283905,1.0,2.786163330078125,0.052734375,2.78225040435791,0.07470703125,1.8772478103637695,0.06187544763088226,1.0,2.7851076126098633,0.0595703125,2.7847604751586914,0.0576171875,1.877426266670227,0.061938829720020294,1.0,2.787233352661133,0.05712890625,2.7831063270568848,0.0615234375
U,128,52919,802,96201,621696,U-w128-d52919-s802,confirm,0,,,,,no_adaptation,,False,False,,0.0,0.0,0.0,0.0,0.0,0.0,,1.8772222995758057,1.8771723508834839,1.8766758441925049,0.05918332189321518,1.0,2.788419723510742,0.052734375,2.7824244499206543,0.07470703125,1.8772222995758057,0.05927705764770508,1.0,2.7869057655334473,0.0595703125,2.7854843139648438,0.0576171875,1.8771723508834839,0.05923670902848244,1.0,2.7873425483703613,0.05712890625,2.7849373817443848,0.0615234375
U,128,52919,803,96201,621696,U-w128-d52919-s803,confirm,0,,,,,no_adaptation,,False,False,,0.0,0.0,0.0,0.0,0.0,0.0,,1.8761411905288696,1.8758947849273682,1.8751767873764038,0.05877172574400902,1.0,2.785086154937744,0.052734375,2.781672954559326,0.07470703125,1.8761411905288696,0.05887320637702942,1.0,2.785156488418579,0.0595703125,2.784393787384033,0.0576171875,1.8758947849273682,0.05899212881922722,1.0,2.7848148345947266,0.05712890625,2.783877372741699,0.0615234375
U,128,55049,801,96202,621696,U-w128-d55049-s801,confirm,0,,,,,no_adaptation,,False,False,,0.0,0.0,0.0,0.0,0.0,0.0,,1.8760814666748047,1.876298189163208,1.875701665878296,0.062049102038145065,1.0,2.7813949584960938,0.0771484375,2.783660888671875,0.05859375,1.8760814666748047,0.06190250813961029,1.0,2.781033992767334,0.0751953125,2.7853078842163086,0.0556640625,1.876298189163208,0.06183740124106407,1.0,2.7830464839935303,0.06884765625,2.784010648727417,0.06298828125
U,128,55049,802,96202,621696,U-w128-d55049-s802,confirm,0,,,,,no_adaptation,,False,False,,0.0,0.0,0.0,0.0,0.0,0.0,,1.8767430782318115,1.8763842582702637,1.8762812614440918,0.05989838391542435,1.0,2.78336238861084,0.0771484375,2.7855827808380127,0.05859375,1.8767430782318115,0.060209356248378754,1.0,2.78371262550354,0.0751953125,2.7863073348999023,0.0556640625,1.8763842582702637,0.06010445952415466,1.0,2.784513235092163,0.06884765625,2.7845349311828613,0.06298828125
U,128,55049,803,96202,621696,U-w128-d55049-s803,confirm,0,,,,,no_adaptation,,False,False,,0.0,0.0,0.0,0.0,0.0,0.0,,1.875331997871399,1.8748595714569092,1.875110387802124,0.0593707412481308,1.0,2.781015396118164,0.0771484375,2.784944772720337,0.05859375,1.875331997871399,0.059138428419828415,1.0,2.782095193862915,0.0751953125,2.784762382507324,0.0556640625,1.8748595714569092,0.059172630310058594,1.0,2.781208038330078,0.06884765625,2.78419828414917,0.06298828125
U,128,57163,801,96203,621696,U-w128-d57163-s801,confirm,0,,,,,no_adaptation,,False,False,,0.0,0.0,0.0,0.0,0.0,0.0,,1.875319242477417,1.8745160102844238,1.8762227296829224,0.06067676097154617,1.0,2.782728672027588,0.07080078125,2.7852628231048584,0.0546875,1.875319242477417,0.06059402972459793,1.0,2.7808308601379395,0.080078125,2.7845330238342285,0.05859375,1.8745160102844238,0.060821130871772766,1.0,2.7802164554595947,0.0859375,2.7825095653533936,0.06640625
U,128,57163,802,96203,621696,U-w128-d57163-s802,confirm,0,,,,,no_adaptation,,False,False,,0.0,0.0,0.0,0.0,0.0,0.0,,1.875105857849121,1.8741360902786255,1.8760747909545898,0.059797823429107666,1.0,2.7823619842529297,0.07080078125,2.786064624786377,0.0546875,1.875105857849121,0.060310762375593185,1.0,2.7805042266845703,0.080078125,2.7845025062561035,0.05859375,1.8741360902786255,0.05960074067115784,1.0,2.7786853313446045,0.0859375,2.7841224670410156,0.06640625
U,128,57163,803,96203,621696,U-w128-d57163-s803,confirm,0,,,,,no_adaptation,,False,False,,0.0,0.0,0.0,0.0,0.0,0.0,,1.8748297691345215,1.8737543821334839,1.8753162622451782,0.0595589280128479,1.0,2.7818992137908936,0.07080078125,2.7844913005828857,0.0546875,1.8748297691345215,0.05939950793981552,1.0,2.780583381652832,0.080078125,2.784506320953369,0.05859375,1.8737543821334839,0.0595475509762764,1.0,2.7786788940429688,0.0859375,2.783036470413208,0.06640625
U,256,52919,801,96201,3212800,U-w256-d52919-s801,confirm,0,,,,,no_adaptation,,False,False,,0.0,0.0,0.0,0.0,0.0,0.0,,1.8544248342514038,1.8542027473449707,1.853879451751709,0.009882788173854351,1.0,2.776798725128174,0.052734375,2.774956464767456,0.07470703125,1.8544248342514038,0.00985474232584238,1.0,2.7760086059570312,0.0595703125,2.7774112224578857,0.0576171875,1.8542027473449707,0.009821122512221336,1.0,2.7766876220703125,0.05712890625,2.77609920501709,0.0615234375
U,256,52919,802,96201,3212800,U-w256-d52919-s802,confirm,0,,,,,no_adaptation,,False,False,,0.0,0.0,0.0,0.0,0.0,0.0,,1.8544453382492065,1.854282021522522,1.8538628816604614,0.009347992017865181,1.0,2.7769322395324707,0.052734375,2.775308609008789,0.07470703125,1.8544453382492065,0.009366514161229134,1.0,2.7769064903259277,0.0595703125,2.7770633697509766,0.0576171875,1.854282021522522,0.009389178827404976,1.0,2.7765088081359863,0.05712890625,2.7769479751586914,0.0615234375
U,256,52919,803,96201,3212800,U-w256-d52919-s803,confirm,0,,,,,no_adaptation,,False,False,,0.0,0.0,0.0,0.0,0.0,0.0,,1.8543678522109985,1.8545126914978027,1.8539369106292725,0.009162385016679764,1.0,2.777402877807617,0.052734375,2.775245189666748,0.07470703125,1.8543678522109985,0.00924980454146862,1.0,2.776132822036743,0.0595703125,2.7777209281921387,0.0576171875,1.8545126914978027,0.009229116141796112,1.0,2.7776355743408203,0.05712890625,2.7766733169555664,0.0615234375
U,256,55049,801,96202,3212800,U-w256-d55049-s801,confirm,0,,,,,no_adaptation,,False,False,,0.0,0.0,0.0,0.0,0.0,0.0,,1.8542636632919312,1.8541295528411865,1.8538199663162231,0.009613384492695332,1.0,2.774871587753296,0.0771484375,2.776974678039551,0.05859375,1.8542636632919312,0.009652580134570599,1.0,2.7754461765289307,0.0751953125,2.7776923179626465,0.0556640625,1.8541295528411865,0.009683281183242798,1.0,2.776494264602661,0.06884765625,2.7762105464935303,0.06298828125
U,256,55049,802,96202,3212800,U-w256-d55049-s802,confirm,0,,,,,no_adaptation,,False,False,,0.0,0.0,0.0,0.0,0.0,0.0,,1.8541618585586548,1.8539103269577026,1.8540419340133667,0.009440352208912373,1.0,2.775233745574951,0.0771484375,2.777451515197754,0.05859375,1.8541618585586548,0.009468775242567062,1.0,2.775287628173828,0.0751953125,2.777729034423828,0.0556640625,1.8539103269577026,0.009443458169698715,1.0,2.775989055633545,0.06884765625,2.7762982845306396,0.06298828125
U,256,55049,803,96202,3212800,U-w256-d55049-s803,confirm,0,,,,,no_adaptation,,False,False,,0.0,0.0,0.0,0.0,0.0,0.0,,1.8537139892578125,1.8537225723266602,1.853424072265625,0.009316223673522472,1.0,2.7743091583251953,0.0771484375,2.7766475677490234,0.05859375,1.8537139892578125,0.009278234094381332,1.0,2.7747955322265625,0.0751953125,2.7770681381225586,0.0556640625,1.8537225723266602,0.009285579435527325,1.0,2.7753067016601562,0.06884765625,2.7765755653381348,0.06298828125
U,256,57163,801,96203,3212800,U-w256-d57163-s801,confirm,0,,,,,no_adaptation,,False,False,,0.0,0.0,0.0,0.0,0.0,0.0,,1.8533446788787842,1.8531502485275269,1.8541607856750488,0.00982450321316719,1.0,2.775207042694092,0.07080078125,2.7774510383605957,0.0546875,1.8533446788787842,0.009804987348616123,1.0,2.7737185955047607,0.080078125,2.776510715484619,0.05859375,1.8531502485275269,0.009803994558751583,1.0,2.7734110355377197,0.0859375,2.776236057281494,0.06640625
U,256,57163,802,96203,3212800,U-w256-d57163-s802,confirm,0,,,,,no_adaptation,,False,False,,0.0,0.0,0.0,0.0,0.0,0.0,,1.853614091873169,1.8530939817428589,1.854001760482788,0.009403452277183533,1.0,2.7755041122436523,0.07080078125,2.7770981788635254,0.0546875,1.853614091873169,0.009335576556622982,1.0,2.7739834785461426,0.080078125,2.7775235176086426,0.05859375,1.8530939817428589,0.009372688829898834,1.0,2.7735605239868164,0.0859375,2.77634859085083,0.06640625
U,256,57163,803,96203,3212800,U-w256-d57163-s803,confirm,0,,,,,no_adaptation,,False,False,,0.0,0.0,0.0,0.0,0.0,0.0,,1.8535213470458984,1.8528802394866943,1.854253888130188,0.009292107075452805,1.0,2.776136875152588,0.07080078125,2.7773325443267822,0.0546875,1.8535213470458984,0.009291485883295536,1.0,2.774552345275879,0.080078125,2.7767202854156494,0.05859375,1.8528802394866943,0.009322247467935085,1.0,2.7733333110809326,0.0859375,2.7759852409362793,0.06640625
U,64,52919,801,96201,113408,U-w64-d52919-s801,confirm,0,,,,,no_adaptation,,False,False,,0.0,0.0,0.0,0.0,0.0,0.0,,1.9916824102401733,1.9900925159454346,1.9905887842178345,0.37443339824676514,1.0,2.8005001544952393,0.052734375,2.7968332767486572,0.07470703125,1.9916824102401733,0.37300360202789307,1.0,2.8006253242492676,0.0595703125,2.801417827606201,0.0576171875,1.9900925159454346,0.3711102306842804,1.0,2.800518035888672,0.05712890625,2.7986490726470947,0.0615234375
U,64,52919,802,96201,113408,U-w64-d52919-s802,confirm,0,,,,,no_adaptation,,False,False,,0.0,0.0,0.0,0.0,0.0,0.0,,1.9970495700836182,1.997535228729248,1.9972907304763794,0.39049091935157776,1.0,2.803581714630127,0.052734375,2.797799587249756,0.07470703125,1.9970495700836182,0.3895415961742401,1.0,2.8020005226135254,0.0595703125,2.7996068000793457,0.0576171875,1.997535228729248,0.38856959342956543,1.0,2.801832675933838,0.05712890625,2.8022029399871826,0.0615234375
U,64,52919,803,96201,113408,U-w64-d52919-s803,confirm,0,,,,,no_adaptation,,False,False,,0.0,0.0,0.0,0.0,0.0,0.0,,1.9985101222991943,1.9988644123077393,1.9979530572891235,0.3850421607494354,1.0,2.809703826904297,0.052734375,2.7991132736206055,0.07470703125,1.9985101222991943,0.3845646381378174,1.0,2.805051326751709,0.0595703125,2.8059144020080566,0.0576171875,1.9988644123077393,0.3847731053829193,1.0,2.8090403079986572,0.05712890625,2.8027799129486084,0.0615234375
U,64,55049,801,96202,113408,U-w64-d55049-s801,confirm,0,,,,,no_adaptation,,False,False,,0.0,0.0,0.0,0.0,0.0,0.0,,1.9899871349334717,1.9896880388259888,1.9906150102615356,0.37274864315986633,1.0,2.79605770111084,0.0771484375,2.8030385971069336,0.05859375,1.9899871349334717,0.37129926681518555,1.0,2.7962722778320312,0.0751953125,2.8023898601531982,0.0556640625,1.9896880388259888,0.37157273292541504,1.0,2.79746150970459,0.06884765625,2.8000292778015137,0.06298828125
U,64,55049,802,96202,113408,U-w64-d55049-s802,confirm,0,,,,,no_adaptation,,False,False,,0.0,0.0,0.0,0.0,0.0,0.0,,2.002880573272705,2.0016961097717285,2.0011610984802246,0.40056928992271423,1.0,2.8016915321350098,0.0771484375,2.8012232780456543,0.05859375,2.002880573272705,0.40232163667678833,1.0,2.802757740020752,0.0751953125,2.803562641143799,0.0556640625,2.0016961097717285,0.400041401386261,1.0,2.8027443885803223,0.06884765625,2.802302598953247,0.06298828125
U,64,55049,803,96202,113408,U-w64-d55049-s803,confirm,0,,,,,no_adaptation,,False,False,,0.0,0.0,0.0,0.0,0.0,0.0,,1.9981942176818848,1.9973869323730469,1.997509479522705,0.3923055827617645,1.0,2.795393466949463,0.0771484375,2.8048291206359863,0.05859375,1.9981942176818848,0.3920168876647949,1.0,2.7953686714172363,0.0751953125,2.807196855545044,0.0556640625,1.9973869323730469,0.3926081955432892,1.0,2.7958431243896484,0.06884765625,2.8037092685699463,0.06298828125
U,64,57163,801,96203,113408,U-w64-d57163-s801,confirm,0,,,,,no_adaptation,,False,False,,0.0,0.0,0.0,0.0,0.0,0.0,,1.9901273250579834,1.98842191696167,1.9905704259872437,0.3692317605018616,1.0,2.799415349960327,0.07080078125,2.8030638694763184,0.0546875,1.9901273250579834,0.37037670612335205,1.0,2.797873020172119,0.080078125,2.8021321296691895,0.05859375,1.98842191696167,0.36939266324043274,1.0,2.7961835861206055,0.0859375,2.799689769744873,0.06640625
U,64,57163,802,96203,113408,U-w64-d57163-s802,confirm,0,,,,,no_adaptation,,False,False,,0.0,0.0,0.0,0.0,0.0,0.0,,2.001842737197876,1.999616265296936,2.0031356811523438,0.403412401676178,1.0,2.8016414642333984,0.07080078125,2.8043527603149414,0.0546875,2.001842737197876,0.4032505750656128,1.0,2.8003926277160645,0.080078125,2.801884651184082,0.05859375,1.999616265296936,0.40260693430900574,1.0,2.796400547027588,0.0859375,2.7998416423797607,0.06640625
U,64,57163,803,96203,113408,U-w64-d57163-s803,confirm,0,,,,,no_adaptation,,False,False,,0.0,0.0,0.0,0.0,0.0,0.0,,1.998441219329834,1.9973949193954468,2.001054525375366,0.39132094383239746,1.0,2.805096387863159,0.07080078125,2.8067469596862793,0.0546875,1.998441219329834,0.3926572799682617,1.0,2.7973873615264893,0.080078125,2.805278778076172,0.05859375,1.9973949193954468,0.3917071521282196,1.0,2.7979989051818848,0.0859375,2.802478313446045,0.06640625
