cell,epoch,reference,trajectory,width,data_seed,seed,p,objective,at_upper_bound,mean_gain,total_gain,negative_gain_fraction,at_lower_bound,reason
e30_referenceM_trajectoryM,30,M,M,64,41843,601,0.04084602983399481,5.250247928817699e-05,False,1.084441189887002,555.2338892221451,0.0,False,
e30_referenceM_trajectoryM,30,M,M,128,41843,601,0.09842563471051033,0.00019300628362712075,False,2.1603724071756005,1106.1106724739075,0.0,False,
e30_referenceM_trajectoryM,30,M,M,256,41843,601,0.13626283008897472,4.827779573393538e-05,False,3.939961983356625,2017.260535478592,0.0,False,
e30_referenceM_trajectoryM,30,M,M,64,41843,602,0.05081598755631031,2.7140359195990325e-05,False,1.0551663131918758,540.2451523542404,0.0,False,
e30_referenceM_trajectoryM,30,M,M,128,41843,602,0.0998504099327382,9.348651370092542e-05,False,2.1257808613590896,1088.3998010158539,0.0,False,
e30_referenceM_trajectoryM,30,M,M,256,41843,602,0.13388004768985812,4.1051277756894515e-05,False,3.8421930407639593,1967.2028368711472,0.0,False,
e30_referenceM_trajectoryM,30,M,M,64,41843,603,0.05019744414829666,0.00010036301748375576,False,1.054380492074415,539.8428119421005,0.0,False,
e30_referenceM_trajectoryM,30,M,M,128,41843,603,0.10265915630902672,0.00027195508356276955,False,2.1239784816280007,1087.4769825935364,0.0,False,
e30_referenceM_trajectoryM,30,M,M,256,41843,603,0.13782524522040857,4.652167372773314e-05,False,3.8588741386774927,1975.7435590028763,0.0,False,
e30_referenceM_trajectoryM,30,M,M,64,43997,601,0.034506484224240005,3.6080116023157255e-05,False,1.115250787930563,571.0084034204483,0.0,False,
e30_referenceM_trajectoryM,30,M,M,128,43997,601,0.08983150649863018,0.0001454795235106214,False,2.282501835608855,1168.6409398317337,0.0,False,
e30_referenceM_trajectoryM,30,M,M,256,43997,601,0.13365931435195266,5.393196989584956e-05,False,3.9725856215227395,2033.9638382196426,0.0,False,
e30_referenceM_trajectoryM,30,M,M,64,43997,602,0.037700786151810106,6.65875082941038e-05,False,1.1255192926619202,576.2658778429031,0.0,False,
e30_referenceM_trajectoryM,30,M,M,128,43997,602,0.08926760314993187,0.0002115078186529811,False,2.247105384245515,1150.5179567337036,0.0,False,
e30_referenceM_trajectoryM,30,M,M,256,43997,602,0.12071789711251223,3.146294667019454e-05,False,4.0992399621754885,2098.81086063385,0.0,False,
e30_referenceM_trajectoryM,30,M,M,64,43997,603,0.034505403825574835,4.093704064887835e-05,False,1.122193898074329,574.5632758140564,0.0,False,
e30_referenceM_trajectoryM,30,M,M,128,43997,603,0.08593999113212979,0.00017096396559103768,False,2.2291204552166164,1141.3096730709076,0.0,False,
e30_referenceM_trajectoryM,30,M,M,256,43997,603,0.12617199846738114,4.419345137703574e-05,False,3.981219104025513,2038.3841812610626,0.0,False,
e30_referenceM_trajectoryM,30,M,M,64,46219,601,0.037438276072426155,6.631867405198983e-05,False,1.0712412467692047,548.4755183458328,0.0,False,
e30_referenceM_trajectoryM,30,M,M,128,46219,601,0.0917968351869278,0.0001411683014015975,False,2.203675896860659,1128.2820591926575,0.0,False,
e30_referenceM_trajectoryM,30,M,M,256,46219,601,0.1348481982879448,6.238087444525185e-05,False,3.931773950578645,2013.0682626962662,0.0,False,
e30_referenceM_trajectoryM,30,M,M,64,46219,602,0.04785826779919518,3.6990532399774186e-05,False,1.0560432863421738,540.694162607193,0.0,False,
e30_referenceM_trajectoryM,30,M,M,128,46219,602,0.09004783334503531,0.00016755703450477012,False,2.196447055321187,1124.5808923244476,0.0,False,
e30_referenceM_trajectoryM,30,M,M,256,46219,602,0.13088990313275678,5.9763091313717936e-05,False,4.015980205498636,2056.1818652153015,0.0,False,
e30_referenceM_trajectoryM,30,M,M,64,46219,603,0.03704357523463192,5.4755221826622595e-05,False,1.0700873502064496,547.8847233057022,0.0,False,
e30_referenceM_trajectoryM,30,M,M,128,46219,603,0.09260281768941543,0.00019475278335050983,False,2.1794634622056037,1115.885292649269,0.0,False,
e30_referenceM_trajectoryM,30,M,M,256,46219,603,0.133059969783399,4.633160984985259e-05,False,3.819285145495087,1955.4739944934845,0.0,False,
e30_referenceM_trajectoryU,30,M,U,64,41843,601,0.06646028064472702,0.00011560148960057198,False,1.1943876785226166,611.5264914035797,0.001953125,False,
e30_referenceM_trajectoryU,30,M,U,128,41843,601,0.13983960525139405,0.0002008204036621558,False,2.1965892256703228,1124.6536835432053,0.0,False,
e30_referenceM_trajectoryU,30,M,U,256,41843,601,0.1420466520325508,6.519359134772869e-05,False,3.9041996742598712,1998.950233221054,0.0,False,
e30_referenceM_trajectoryU,30,M,U,64,41843,602,0.04020946041216117,1.6428856384016635e-05,False,1.2082479323726147,618.6229413747787,0.0,False,
e30_referenceM_trajectoryU,30,M,U,128,41843,602,0.1305526225383966,0.00011698109672900912,False,2.18320658383891,1117.8017709255219,0.001953125,False,
e30_referenceM_trajectoryU,30,M,U,256,41843,602,0.14526893307623429,7.536458079668403e-05,False,3.820287797600031,1955.9873523712158,0.001953125,False,
e30_referenceM_trajectoryU,30,M,U,64,41843,603,0.07160513220639395,0.0001933859552735335,False,1.2111840760335326,620.1262469291687,0.0,False,
e30_referenceM_trajectoryU,30,M,U,128,41843,603,0.14600221426031373,0.0003032411285755456,False,2.210438445676118,1131.7444841861725,0.0,False,
e30_referenceM_trajectoryU,30,M,U,256,41843,603,0.1336670051688595,4.099629695879689e-05,False,3.823362377239391,1957.5615371465683,0.0,False,
e30_referenceM_trajectoryU,30,M,U,64,43997,601,0.05033948529817377,8.316344574593352e-05,False,1.2460098473820835,637.9570418596268,0.0,False,
e30_referenceM_trajectoryU,30,M,U,128,43997,601,0.12682404831510452,0.0001801302451705295,False,2.355184690328315,1205.8545614480972,0.0,False,
e30_referenceM_trajectoryU,30,M,U,256,43997,601,0.131071263241125,6.140918532501215e-05,False,4.009022446582094,2052.619492650032,0.0,False,
e30_referenceM_trajectoryU,30,M,U,64,43997,602,0.03942103620619257,6.654841704305612e-05,False,1.2686663779895753,649.5571855306625,0.0,False,
e30_referenceM_trajectoryU,30,M,U,128,43997,602,0.1321461653769122,0.00021720801968177025,False,2.3052693218924105,1180.2978928089142,0.0,False,
e30_referenceM_trajectoryU,30,M,U,256,43997,602,0.12868775747643696,3.9939478531552456e-05,False,4.034461162984371,2065.644115447998,0.0,False,
e30_referenceM_trajectoryU,30,M,U,64,43997,603,0.06296087733164257,0.0001270363977954381,False,1.2565327163320035,643.3447507619858,0.0,False,
e30_referenceM_trajectoryU,30,M,U,128,43997,603,0.13063066263943135,0.0001847814284910857,False,2.3054809835739434,1180.406263589859,0.001953125,False,
e30_referenceM_trajectoryU,30,M,U,256,43997,603,0.1318494299862531,3.1677582966515686e-05,False,3.8893414079211652,1991.3428008556366,0.0,False,
e30_referenceM_trajectoryU,30,M,U,64,46219,601,0.05663586510570595,0.00010490743890865321,False,1.2207968393340707,625.0479817390442,0.0,False,
e30_referenceM_trajectoryU,30,M,U,128,46219,601,0.13383763135375376,0.00018506307597777668,False,2.2815025167074054,1168.1292885541916,0.0,False,
e30_referenceM_trajectoryU,30,M,U,256,46219,601,0.12853500176331611,4.567612833523102e-05,False,3.922730464488268,2008.4379978179932,0.0,False,
e30_referenceM_trajectoryU,30,M,U,64,46219,602,0.049441008020153054,5.366803055927422e-05,False,1.1822774077299982,605.3260327577591,0.0,False,
e30_referenceM_trajectoryU,30,M,U,128,46219,602,0.14029174273224793,0.0001587634818581226,False,2.262987951282412,1158.6498310565948,0.001953125,False,
e30_referenceM_trajectoryU,30,M,U,256,46219,602,0.13724027097336694,6.419614887363748e-05,False,3.9466136211995035,2020.6661740541458,0.0,False,
e30_referenceM_trajectoryU,30,M,U,64,46219,603,0.05073182498518336,9.687642532048967e-05,False,1.2145118701737374,621.8300775289536,0.0,False,
e30_referenceM_trajectoryU,30,M,U,128,46219,603,0.12966221517833865,0.0001963961752084594,False,2.2940732655115426,1174.5655119419098,0.0,False,
e30_referenceM_trajectoryU,30,M,U,256,46219,603,0.1348862814387593,5.992781297601872e-05,False,3.7970720403827727,1944.1008846759796,0.0,False,
e30_referenceU_trajectoryM,30,U,M,64,41843,601,,,False,-0.005345806013792753,-2.7370526790618896,0.546875,False,nonpositive_total_gain
e30_referenceU_trajectoryM,30,U,M,128,41843,601,8.0,10.113654699090441,True,0.036597252590581775,18.73779332637787,0.57421875,False,
e30_referenceU_trajectoryM,30,U,M,256,41843,601,1.3107052028972697,0.1123944739533108,False,0.49402123515028507,252.93887239694595,0.4140625,False,
e30_referenceU_trajectoryM,30,U,M,64,41843,602,,,False,-0.04274291917681694,-21.884374618530273,0.66015625,False,nonpositive_total_gain
e30_referenceU_trajectoryM,30,U,M,128,41843,602,7.999999999960792,58372.06311901528,True,0.000533891492523253,0.2733524441719055,0.5859375,False,
e30_referenceU_trajectoryM,30,U,M,256,41843,602,1.5256888962625381,0.15703605369546902,False,0.40728255663998425,208.52866899967194,0.435546875,False,
e30_referenceU_trajectoryM,30,U,M,64,41843,603,,,False,-0.038409421453252435,-19.665623784065247,0.615234375,False,nonpositive_total_gain
e30_referenceU_trajectoryM,30,U,M,128,41843,603,8.0,244.8252873714055,True,0.008840244845487177,4.526205360889435,0.59375,False,
e30_referenceU_trajectoryM,30,U,M,256,41843,603,1.5920328900669203,0.20049589424486755,False,0.41979513282421976,214.93510800600052,0.427734375,False,
e30_referenceU_trajectoryM,30,U,M,64,43997,601,,,False,-0.00473191705532372,-2.4227415323257446,0.546875,False,nonpositive_total_gain
e30_referenceU_trajectoryM,30,U,M,128,43997,601,8.0,3.8305201116706007,True,0.05712983210105449,29.2504740357399,0.533203125,False,
e30_referenceU_trajectoryM,30,U,M,256,43997,601,1.8546575538124555,0.2952341469367974,False,0.37549594056326896,192.2539215683937,0.453125,False,
e30_referenceU_trajectoryM,30,U,M,64,43997,602,,,False,-0.04173526703380048,-21.368456721305847,0.6484375,False,nonpositive_total_gain
e30_referenceU_trajectoryM,30,U,M,128,43997,602,8.0,4.764307594843562,True,0.047188108088448644,24.160311341285706,0.541015625,False,
e30_referenceU_trajectoryM,30,U,M,256,43997,602,1.0231921421788268,0.04794971088447053,False,0.5569740830687806,285.17073053121567,0.3671875,False,
e30_referenceU_trajectoryM,30,U,M,64,43997,603,,,False,-0.02241676044650376,-11.477381348609924,0.580078125,False,nonpositive_total_gain
e30_referenceU_trajectoryM,30,U,M,128,43997,603,8.0,54.13722456126184,True,0.016519297030754387,8.457880079746246,0.560546875,False,
e30_referenceU_trajectoryM,30,U,M,256,43997,603,1.4944896288865785,0.15141209377127288,False,0.4371110104257241,223.80083733797073,0.43359375,False,
e30_referenceU_trajectoryM,30,U,M,64,46219,601,,,False,-0.021478117909282446,-10.996796369552612,0.5859375,False,nonpositive_total_gain
e30_referenceU_trajectoryM,30,U,M,128,46219,601,8.0,4.202346534251112,True,0.0535376644693315,27.41128420829773,0.529296875,False,
e30_referenceU_trajectoryM,30,U,M,256,46219,601,1.545072441413732,0.18272083007704623,False,0.43865013762842864,224.58887046575546,0.40625,False,
e30_referenceU_trajectoryM,30,U,M,64,46219,602,,,False,-0.04173134500160813,-21.366448640823364,0.638671875,False,nonpositive_total_gain
e30_referenceU_trajectoryM,30,U,M,128,46219,602,8.0,5.298711377275102,True,0.04393272555898875,22.49355548620224,0.548828125,False,
e30_referenceU_trajectoryM,30,U,M,256,46219,602,1.1307282189980437,0.07347893098505752,False,0.5272566783241928,269.9554193019867,0.373046875,False,
e30_referenceU_trajectoryM,30,U,M,64,46219,603,,,False,-0.015444748336449265,-7.907711148262024,0.6015625,False,nonpositive_total_gain
e30_referenceU_trajectoryM,30,U,M,128,46219,603,8.0,131.20030586641866,True,0.011809998890385032,6.046719431877136,0.607421875,False,
e30_referenceU_trajectoryM,30,U,M,256,46219,603,1.967267221595809,0.3350199915089844,False,0.3506250416394323,179.52002131938934,0.451171875,False,
e30_referenceU_trajectoryU,30,U,U,64,41843,601,1.1877729601541875,0.004600156593055274,False,0.10460068262182176,53.55554950237274,0.33984375,False,
e30_referenceU_trajectoryU,30,U,U,128,41843,601,8.0,4.653835816756476,True,0.07281407155096531,37.28080463409424,0.560546875,False,
e30_referenceU_trajectoryU,30,U,U,256,41843,601,1.4514077914034584,0.16404056646487694,False,0.45825892605353147,234.6285701394081,0.408203125,False,
e30_referenceU_trajectoryU,30,U,U,64,41843,602,0.49011138576071,0.0005619308079913796,False,0.11033870000392199,56.49341440200806,0.23046875,False,
e30_referenceU_trajectoryU,30,U,U,128,41843,602,8.0,6.219617376883389,True,0.05795961071271449,29.67532068490982,0.564453125,False,
e30_referenceU_trajectoryU,30,U,U,256,41843,602,1.660098253438417,0.25586794564781606,False,0.3853773105656728,197.31318300962448,0.431640625,False,
e30_referenceU_trajectoryU,30,U,U,64,41843,603,1.27416234682038,0.0044549572768962445,False,0.11839416204020381,60.61781096458435,0.34375,False,
e30_referenceU_trajectoryU,30,U,U,128,41843,603,7.510820302792812,2.912314842703377,False,0.0953002164606005,48.793710827827454,0.5546875,False,
e30_referenceU_trajectoryU,30,U,U,256,41843,603,1.7367939774577246,0.22574467337512868,False,0.38428337301593274,196.75308698415756,0.453125,False,
e30_referenceU_trajectoryU,30,U,U,64,43997,601,0.7860609857305849,6.775498211548494e-05,False,0.12602714239619672,64.52589690685272,0.26953125,False,
e30_referenceU_trajectoryU,30,U,U,128,43997,601,4.741725730881618,1.1193339854673163,False,0.12981269287411124,66.46409875154495,0.53125,False,
e30_referenceU_trajectoryU,30,U,U,256,43997,601,1.6506488741211225,0.21598959933792644,False,0.4119327621301636,210.90957421064377,0.431640625,False,
e30_referenceU_trajectoryU,30,U,U,64,43997,602,0.6762217497458052,0.00019044787783691674,False,0.10141181852668524,51.92285108566284,0.28125,False,
e30_referenceU_trajectoryU,30,U,U,128,43997,602,5.266033202344632,1.7101545004370517,False,0.10535204946063459,53.94024932384491,0.548828125,False,
e30_referenceU_trajectoryU,30,U,U,256,43997,602,1.2149821535593244,0.09191241548614852,False,0.4921952810836956,252.00398391485214,0.390625,False,
e30_referenceU_trajectoryU,30,U,U,64,43997,603,1.3996737953928884,0.00584663469794518,False,0.1119220582768321,57.30409383773804,0.37109375,False,
e30_referenceU_trajectoryU,30,U,U,128,43997,603,7.336962611510825,2.772318937722329,False,0.09287982829846442,47.55447208881378,0.5546875,False,
e30_referenceU_trajectoryU,30,U,U,256,43997,603,1.9802907053601997,0.34411644364292915,False,0.3452333256136626,176.75946271419525,0.44140625,False,
e30_referenceU_trajectoryU,30,U,U,64,46219,601,0.9108579981485974,0.00030697148938799244,False,0.12807747477199882,65.5756670832634,0.310546875,False,
e30_referenceU_trajectoryU,30,U,U,128,46219,601,4.659362457202091,1.1106283909100998,False,0.13136428862344474,67.2585157752037,0.54296875,False,
e30_referenceU_trajectoryU,30,U,U,256,46219,601,1.5373429540335577,0.16209017405297613,False,0.4296066523529589,219.95860600471497,0.4375,False,
e30_referenceU_trajectoryU,30,U,U,64,46219,602,0.9691238219943696,0.0012481973758411468,False,0.08450277638621628,43.26542150974274,0.291015625,False,
e30_referenceU_trajectoryU,30,U,U,128,46219,602,4.91357465732038,1.6434027290873796,False,0.11047362221870571,56.562494575977325,0.552734375,False,
e30_referenceU_trajectoryU,30,U,U,256,46219,602,1.344733288538262,0.13375268969216203,False,0.45789009472355247,234.43972849845886,0.390625,False,
e30_referenceU_trajectoryU,30,U,U,64,46219,603,0.7679139333679375,0.0001635450048000828,False,0.1289797720964998,66.0376433134079,0.279296875,False,
e30_referenceU_trajectoryU,30,U,U,128,46219,603,5.315880276030089,1.2596467082139322,False,0.1264198012650013,64.72693824768066,0.546875,False,
e30_referenceU_trajectoryU,30,U,U,256,46219,603,2.1126878415395605,0.42104289312600346,False,0.32841193943750113,168.14691299200058,0.4609375,False,
e60_referenceM_trajectoryM,60,M,M,64,41843,601,0.15626377569203537,0.0005098598917993565,False,1.1513637739699334,589.4982522726059,0.01171875,False,
e60_referenceM_trajectoryM,60,M,M,128,41843,601,0.2152911010886197,8.718647816753207e-05,False,2.4267937843687832,1242.518417596817,0.00390625,False,
e60_referenceM_trajectoryM,60,M,M,256,41843,601,0.04103594610571756,0.00010172063362532335,False,4.9675336251966655,2543.3772161006927,0.0,False,
e60_referenceM_trajectoryM,60,M,M,64,41843,602,0.18403389988381674,0.00025908253925382144,False,1.175192185677588,601.698399066925,0.013671875,False,
e60_referenceM_trajectoryM,60,M,M,128,41843,602,0.21660140325044275,0.0001384220674240256,False,2.453491993714124,1256.1879007816315,0.0078125,False,
e60_referenceM_trajectoryM,60,M,M,256,41843,602,0.058632161938436345,0.00025531157944055,False,4.843071812298149,2479.652767896652,0.0,False,
e60_referenceM_trajectoryM,60,M,M,64,41843,603,0.18972154597787294,0.0005396624318905104,False,1.1633080060128123,595.6136990785599,0.015625,False,
e60_referenceM_trajectoryM,60,M,M,128,41843,603,0.21315779109079686,0.00012501974466913666,False,2.458253655117005,1258.6258714199066,0.00390625,False,
e60_referenceM_trajectoryM,60,M,M,256,41843,603,0.07236749475399867,0.0002340179629973162,False,4.689840258099139,2401.198212146759,0.0,False,
e60_referenceM_trajectoryM,60,M,M,64,43997,601,0.13806827396325455,0.00037228638313428243,False,1.2468123829457909,638.3679400682449,0.005859375,False,
e60_referenceM_trajectoryM,60,M,M,128,43997,601,0.20033320843047936,0.00013018087199608228,False,2.5998965897597373,1331.1470539569855,0.0,False,
e60_referenceM_trajectoryM,60,M,M,256,43997,601,0.045988356388755314,0.00015222882225968622,False,5.0453018439002335,2583.1945440769196,0.0,False,
e60_referenceM_trajectoryM,60,M,M,64,43997,602,0.15920383768721902,0.00045564180384481814,False,1.242664498044178,636.2442229986191,0.0078125,False,
e60_referenceM_trajectoryM,60,M,M,128,43997,602,0.1984397220235965,9.241479308326602e-05,False,2.6104424281511456,1336.5465232133865,0.0,False,
e60_referenceM_trajectoryM,60,M,M,256,43997,602,0.05950954395475383,0.0001691184320188486,False,4.902887320611626,2510.2783081531525,0.0,False,
e60_referenceM_trajectoryM,60,M,M,64,43997,603,0.15519997423398796,0.0003909984718863409,False,1.1964317180681974,612.573039650917,0.013671875,False,
e60_referenceM_trajectoryM,60,M,M,128,43997,603,0.19023648206523264,6.923247387357122e-05,False,2.5507449288852513,1305.9814035892487,0.0078125,False,
e60_referenceM_trajectoryM,60,M,M,256,43997,603,0.05570132563377252,0.00022252233199753242,False,4.920039422577247,2519.0601843595505,0.0,False,
e60_referenceM_trajectoryM,60,M,M,64,46219,601,0.1550851512450191,0.0003297832077727749,False,1.2075165957212448,618.2484970092773,0.0,False,
e60_referenceM_trajectoryM,60,M,M,128,46219,601,0.19928148340935992,9.913268018604078e-05,False,2.524953284766525,1292.7760818004608,0.0,False,
e60_referenceM_trajectoryM,60,M,M,256,46219,601,0.060320971607111556,0.0002026647878156309,False,4.8050066931173205,2460.163426876068,0.0,False,
e60_referenceM_trajectoryM,60,M,M,64,46219,602,0.17923458798037867,0.0002195490797984734,False,1.176768347620964,602.5053939819336,0.00390625,False,
e60_referenceM_trajectoryM,60,M,M,128,46219,602,0.20285876555320415,0.00011864604067825623,False,2.5554254171438515,1308.377813577652,0.00390625,False,
e60_referenceM_trajectoryM,60,M,M,256,46219,602,0.03379233979994939,7.372436421095369e-05,False,5.091485359705985,2606.840504169464,0.0,False,
e60_referenceM_trajectoryM,60,M,M,64,46219,603,0.15905440171385726,0.0004926210359868429,False,1.1092152043711394,567.9181846380234,0.009765625,False,
e60_referenceM_trajectoryM,60,M,M,128,46219,603,0.19699817453892077,0.00013494919715611686,False,2.534455770161003,1297.6413543224335,0.0078125,False,
e60_referenceM_trajectoryM,60,M,M,256,46219,603,0.06366401511119178,0.0002949538269028486,False,4.775009056320414,2444.804636836052,0.0,False,
e60_referenceM_trajectoryU,60,M,U,64,41843,601,0.14761435955047691,0.00036849534144240624,False,1.2608514635358006,645.5559493303299,0.00390625,False,
e60_referenceM_trajectoryU,60,M,U,128,41843,601,0.20738873474964897,8.019743149846991e-05,False,2.4514227940235287,1255.1284705400467,0.0078125,False,
e60_referenceM_trajectoryU,60,M,U,256,41843,601,0.07466419772532457,0.00029173375490774083,False,4.7163393665105104,2414.7657556533813,0.0,False,
e60_referenceM_trajectoryU,60,M,U,64,41843,602,0.13852520081643782,0.00014557867013504746,False,1.2110823306720704,620.0741533041,0.0078125,False,
e60_referenceM_trajectoryU,60,M,U,128,41843,602,0.2071053016259654,0.00018611708048369663,False,2.559257016517222,1310.3395924568176,0.005859375,False,
e60_referenceM_trajectoryU,60,M,U,256,41843,602,0.06581125526308576,0.0003193531209211244,False,4.788140022428706,2451.5276914834976,0.0,False,
e60_referenceM_trajectoryU,60,M,U,64,41843,603,0.15408397309368982,0.00036342088551784865,False,1.2797506912611425,655.232353925705,0.005859375,False,
e60_referenceM_trajectoryU,60,M,U,128,41843,603,0.20615572129050025,0.00016349426929227755,False,2.545759601285681,1303.4289158582687,0.005859375,False,
e60_referenceM_trajectoryU,60,M,U,256,41843,603,0.082924494027961,0.0002591445741318747,False,4.601415474433452,2355.9247229099274,0.0,False,
e60_referenceM_trajectoryU,60,M,U,64,43997,601,0.12185855568052444,0.0002458147788556211,False,1.3307503929827362,681.344201207161,0.001953125,False,
e60_referenceM_trajectoryU,60,M,U,128,43997,601,0.1921345429863851,0.00013492756790105235,False,2.634765443392098,1348.9999070167542,0.001953125,False,
e60_referenceM_trajectoryU,60,M,U,256,43997,601,0.0763140563616323,0.0002935644941572619,False,4.790195051813498,2452.579866528511,0.0,False,
e60_referenceM_trajectoryU,60,M,U,64,43997,602,0.11511185015303443,0.00027440115032976547,False,1.3144667006563395,673.0069507360458,0.00390625,False,
e60_referenceM_trajectoryU,60,M,U,128,43997,602,0.19135863637862754,0.00010875394999447642,False,2.6730823442339897,1368.6181602478027,0.001953125,False,
e60_referenceM_trajectoryU,60,M,U,256,43997,602,0.06552224363582816,0.00022448835150144824,False,4.876389721874148,2496.7115375995636,0.0,False,
e60_referenceM_trajectoryU,60,M,U,64,43997,603,0.14351778340291116,0.0002897258522701275,False,1.3188434867188334,675.2478652000427,0.009765625,False,
e60_referenceM_trajectoryU,60,M,U,128,43997,603,0.1916484976905719,8.600058986076673e-05,False,2.5930820642970502,1327.6580169200897,0.009765625,False,
e60_referenceM_trajectoryU,60,M,U,256,43997,603,0.0774940772370899,0.0003408059782027755,False,4.729837227612734,2421.6766605377197,0.0,False,
e60_referenceM_trajectoryU,60,M,U,64,46219,601,0.14213943478619462,0.0002971040965942425,False,1.283945110393688,657.3798965215683,0.001953125,False,
e60_referenceM_trajectoryU,60,M,U,128,46219,601,0.19343954872624236,0.00010760723745234224,False,2.5808848950546235,1321.4130662679672,0.0,False,
e60_referenceM_trajectoryU,60,M,U,256,46219,601,0.07955877789819088,0.00032811548770123196,False,4.67555297864601,2393.883125066757,0.0,False,
e60_referenceM_trajectoryU,60,M,U,64,46219,602,0.1438442773081124,0.00025147369667762303,False,1.2256096217315644,627.512126326561,0.00390625,False,
e60_referenceM_trajectoryU,60,M,U,128,46219,602,0.20113375212812246,0.00023614146368613377,False,2.6626311419531703,1363.2671446800232,0.005859375,False,
e60_referenceM_trajectoryU,60,M,U,256,46219,602,0.07027725291965382,0.000250099242339441,False,4.80566646810621,2460.5012316703796,0.0,False,
e60_referenceM_trajectoryU,60,M,U,64,46219,603,0.14378994429417102,0.00033384391927304013,False,1.2774637723341584,654.0614514350891,0.009765625,False,
e60_referenceM_trajectoryU,60,M,U,128,46219,603,0.1914090274203864,0.00018054865508356993,False,2.602284946013242,1332.36989235878,0.00390625,False,
e60_referenceM_trajectoryU,60,M,U,256,46219,603,0.08068238687998819,0.00035127509161952676,False,4.616299419431016,2363.54530274868,0.0,False,
e60_referenceU_trajectoryM,60,U,M,64,41843,601,7.424345757732555,1.7138370349265661,False,0.06157677783630788,31.527310252189636,0.513671875,False,
e60_referenceU_trajectoryM,60,U,M,128,41843,601,2.324677770488882,0.4265530789857506,False,0.30301863013301045,155.14553862810135,0.482421875,False,
e60_referenceU_trajectoryM,60,U,M,256,41843,601,0.12564178260589448,0.0012845033465021095,False,1.5215928755933419,779.055552303791,0.048828125,False,
e60_referenceU_trajectoryM,60,U,M,64,41843,602,5.620844640772797,1.4207416522562006,False,0.07728295447304845,39.568872690200806,0.515625,False,
e60_referenceU_trajectoryM,60,U,M,128,41843,602,1.9513594824342881,0.3305004168029362,False,0.32824502419680357,168.06145238876343,0.4765625,False,
e60_referenceU_trajectoryM,60,U,M,256,41843,602,0.19253922649891897,0.0032374831590875988,False,1.4081613187445328,720.9785951972008,0.091796875,False,
e60_referenceU_trajectoryM,60,U,M,64,41843,603,8.0,2.2352150560003916,True,0.07051809318363667,36.10526371002197,0.55078125,False,
e60_referenceU_trajectoryM,60,U,M,128,41843,603,2.0028862940079613,0.33263226975413035,False,0.343115420313552,175.67509520053864,0.4765625,False,
e60_referenceU_trajectoryM,60,U,M,256,41843,603,0.2617832551395881,0.005724990414160335,False,1.25076125015039,640.3897600769997,0.130859375,False,
e60_referenceU_trajectoryM,60,U,M,64,43997,601,3.0990891511903964,0.18839969590197092,False,0.12682967935688794,64.93679583072662,0.451171875,False,
e60_referenceU_trajectoryM,60,U,M,128,43997,601,1.8328496276214987,0.2551291322591095,False,0.3745245885802433,191.75658935308456,0.451171875,False,
e60_referenceU_trajectoryM,60,U,M,256,43997,601,0.16586661400543345,0.0022956899548028384,False,1.4482121721375734,741.4846321344376,0.068359375,False,
e60_referenceU_trajectoryM,60,U,M,64,43997,602,5.57034223928763,1.2910392744000998,False,0.07540993602015078,38.6098872423172,0.515625,False,
e60_referenceU_trajectoryM,60,U,M,128,43997,602,1.521629275367717,0.15410787246036853,False,0.4105251480359584,210.1888757944107,0.453125,False,
e60_referenceU_trajectoryM,60,U,M,256,43997,602,0.2061163143859655,0.0030263304053949253,False,1.3606214339379221,696.6381741762161,0.087890625,False,
e60_referenceU_trajectoryM,60,U,M,64,43997,603,8.0,3.563390905947841,True,0.05182105710264295,26.532381236553192,0.525390625,False,
e60_referenceU_trajectoryM,60,U,M,128,43997,603,1.9988023154252388,0.27792676302461106,False,0.33814377652015537,173.12961357831955,0.458984375,False,
e60_referenceU_trajectoryM,60,U,M,256,43997,603,0.1973158197078017,0.003508871249667875,False,1.3759313250193372,704.4768384099007,0.099609375,False,
e60_referenceU_trajectoryM,60,U,M,64,46219,601,3.6621213040601224,0.363751116210104,False,0.11479723127558827,58.776182413101196,0.482421875,False,
e60_referenceU_trajectoryM,60,U,M,128,46219,601,1.8133456648052677,0.2159393420104503,False,0.3748150517931208,191.90530651807785,0.458984375,False,
e60_referenceU_trajectoryM,60,U,M,256,46219,601,0.22676701507471092,0.0038222693683495033,False,1.3118828788865358,671.6840339899063,0.1015625,False,
e60_referenceU_trajectoryM,60,U,M,64,46219,602,5.190697971682154,1.2459988383534066,False,0.0789937162771821,40.444782733917236,0.515625,False,
e60_referenceU_trajectoryM,60,U,M,128,46219,602,1.5494677465323639,0.16120719061555677,False,0.40291108493693173,206.29047548770905,0.43359375,False,
e60_referenceU_trajectoryM,60,U,M,256,46219,602,0.10037995304622163,0.0009129675947020986,False,1.6027618329972029,820.6140584945679,0.0234375,False,
e60_referenceU_trajectoryM,60,U,M,64,46219,603,8.0,20.48846282284496,True,0.023683104431256652,12.125749468803406,0.564453125,False,
e60_referenceU_trajectoryM,60,U,M,128,46219,603,1.8483400031637984,0.25249695013442863,False,0.36680230137426406,187.8027783036232,0.455078125,False,
e60_referenceU_trajectoryM,60,U,M,256,46219,603,0.23615331824118824,0.005333035309875377,False,1.3063489550258964,668.850664973259,0.126953125,False,
e60_referenceU_trajectoryU,60,U,U,64,41843,601,2.0578090518777636,0.05472291964659223,False,0.17106446740217507,87.58500730991364,0.435546875,False,
e60_referenceU_trajectoryU,60,U,U,128,41843,601,2.0646864060805554,0.31321050637299647,False,0.3276476477039978,167.75559562444687,0.45703125,False,
e60_referenceU_trajectoryU,60,U,U,256,41843,601,0.2645315172476058,0.005993386575368342,False,1.2703986135311425,650.444090127945,0.146484375,False,
e60_referenceU_trajectoryU,60,U,U,64,41843,602,2.797643852202287,0.19082218891460545,False,0.11317309900186956,57.944626688957214,0.43359375,False,
e60_referenceU_trajectoryU,60,U,U,128,41843,602,1.4201108198926882,0.1412646107155131,False,0.43401004804763943,222.2131446003914,0.41015625,False,
e60_referenceU_trajectoryU,60,U,U,256,41843,602,0.22205342918376147,0.004533736895749513,False,1.353229538188316,692.8535235524178,0.107421875,False,
e60_referenceU_trajectoryU,60,U,U,64,41843,603,2.0072357968007184,0.057417667255401816,False,0.18696077656932175,95.72391760349274,0.443359375,False,
e60_referenceU_trajectoryU,60,U,U,128,41843,603,1.5260553876900995,0.1689962202183842,False,0.4306213650852442,220.47813892364502,0.439453125,False,
e60_referenceU_trajectoryU,60,U,U,256,41843,603,0.3189571001536444,0.008082616229075018,False,1.1623364742845297,595.1162748336792,0.166015625,False,
e60_referenceU_trajectoryU,60,U,U,64,43997,601,1.373429227048295,0.010568138905625,False,0.2107676857849583,107.91305512189865,0.34375,False,
e60_referenceU_trajectoryU,60,U,U,128,43997,601,1.616773776640787,0.17681797026157425,False,0.40939344791695476,209.60944533348083,0.44921875,False,
e60_referenceU_trajectoryU,60,U,U,256,43997,601,0.31297484213578897,0.007815820704177238,False,1.1931053705047816,610.8699496984482,0.17578125,False,
e60_referenceU_trajectoryU,60,U,U,64,43997,602,1.8743602308089486,0.04289043945855837,False,0.14721214212477207,75.3726167678833,0.40625,False,
e60_referenceU_trajectoryU,60,U,U,128,43997,602,1.2613547080659684,0.09701245836637457,False,0.4731650681933388,242.26051491498947,0.40625,False,
e60_referenceU_trajectoryU,60,U,U,256,43997,602,0.22950866199048586,0.004229844266748212,False,1.3341238346183673,683.071403324604,0.107421875,False,
e60_referenceU_trajectoryU,60,U,U,64,43997,603,2.2345041904848877,0.07771832938355334,False,0.17423283006064594,89.20720899105072,0.435546875,False,
e60_referenceU_trajectoryU,60,U,U,128,43997,603,1.7404708883347442,0.21248019204374294,False,0.3804809042485431,194.80622297525406,0.45703125,False,
e60_referenceU_trajectoryU,60,U,U,256,43997,603,0.3061472473226805,0.008339382558799261,False,1.1857291370397434,607.0933181643486,0.166015625,False,
e60_referenceU_trajectoryU,60,U,U,64,46219,601,1.833903697807861,0.040383680103640275,False,0.1912257457152009,97.90758180618286,0.380859375,False,
e60_referenceU_trajectoryU,60,U,U,128,46219,601,1.5051542139140701,0.1384890154743554,False,0.43074666534084827,220.5422926545143,0.421875,False,
e60_referenceU_trajectoryU,60,U,U,256,46219,601,0.32088782938869664,0.008496875716759889,False,1.182429167209193,605.4037336111069,0.181640625,False,
e60_referenceU_trajectoryU,60,U,U,64,46219,602,2.495228732163719,0.14338659764715053,False,0.1278349900385365,65.45151489973068,0.435546875,False,
e60_referenceU_trajectoryU,60,U,U,128,46219,602,1.1871123796096947,0.09177925466290729,False,0.5101168071851134,261.1798052787781,0.3984375,False,
e60_referenceU_trajectoryU,60,U,U,256,46219,602,0.24226422192523028,0.004934898649091942,False,1.3169429347617552,674.2747825980186,0.119140625,False,
e60_referenceU_trajectoryU,60,U,U,64,46219,603,1.9423279680664587,0.04416016950209072,False,0.19193167227786034,98.2690162062645,0.435546875,False,
e60_referenceU_trajectoryU,60,U,U,128,46219,603,1.4927851585170724,0.14932061743143088,False,0.4346314804861322,222.5313180088997,0.4296875,False,
e60_referenceU_trajectoryU,60,U,U,256,46219,603,0.32981440055441036,0.009354214721494232,False,1.1476393215125427,587.5913326144218,0.173828125,False,
